title,grade
경찰 실탄 맞은 홍콩청년 총알이 사람 죽여도 신념은 못죽인다,3.56
경찰총에 맞은 홍콩 청년 “총알로 사람은 죽여도 믿음은 못 죽여”,3.55
실탄 맞은 홍콩 청년 “사람은 죽여도 신념은 못 죽인다”,3.53
시위 중 실탄 맞은 홍콩청년 총알이 사람 죽여도 신념은 못죽인다,3.53
친중 vs 반중 국민투표에 달린 홍콩…운명의 선거날,3.56
뜨거운 홍콩 구의원 선거 투표 열기…‘민심’ 확인될까,3.55
민심 가리기 홍콩 운명의 선거날…내일 새벽 윤곽,3.53
홍콩 민심은 구의원 선거 시작…시위대 투표 독려,3.53
표로 보여준다…홍콩 미래 걸린 선거 역대급 투표율,3.53
홍콩 민심 바로미터 구의원 선거 평화 진행…투표소 긴 줄,3.54
홍콩 뜨거운 선거 열기…친중정부 심판 vs 폭력 종식,3.53
표로 보여준다…홍콩 미래 걸린 선거 역대급 투표율종합,3.54
홍콩 이공대 학생회장 떠나…남은 시위대 수십명 추정,3.53
‘시위대 마지막 보루’ 홍콩이공대에서 학생회장도 떠나,3.53
시위대 마지막 보루 홍콩이공대 학생회장도 떠나,3.52
80년 광주 정신 계승해 홍콩 시위대와 연대를,3.53
홍콩 민주화 시위 지지 집회,3.53
홍콩 시민을 위한 연대 집회,3.53
홍콩 민주화 열망 표심으로 이어지나…뜨거운 구의원 투표 열기,3.54
긴장 속 간절함…홍콩의 민주주의 친중과 반중 기로에,3.53
만리재사진첩 ‘홍콩 구의원 선거’ 투표소 앞 끝없는 행렬,3.53
홍콩에 자유를,3.53
자유 홍콩,3.53
홍콩에 님을 위한 행진곡 알린 매리 킹 박사 광주 방문,3.53
무역합의 판 깨질라···트럼프 홍콩인권법 거부권 행사 시사,3.52
홍콩에 최루탄 1만 개 터져... 아이들을 지켜달라,3.49
홍콩에게 자유를,3.53
홍콩 오늘 운명의 선거…민심 확인될까,3.53
트럼프 “홍콩 나 아니었으면 14분 만에 없어졌을 것”,3.41
트럼프 나 아니었으면 홍콩서 수천명 죽어 자화자찬,3.31
트럼프 나 아니었으면 홍콩서 수천명 죽어,3.48
‘나 아니면 14분 만에 없어졌다’고한 트럼프 홍콩 인권법엔 애매한 답변,3.40
트럼프 “내가 중국군 100만명 홍콩 진입 막았다”,3.45
홍콩 지방선거 앞두고 전운…트럼프는 홍콩 인권법엔 애매한 태도,3.53
홍콩선거 D1…“내가 본 홍콩사태와 선거”,3.53
홍콩 심판의 날 D1... 24일 구의원 선거가 시위 분수령,3.56
홍콩 지방선거 D1…시위 향방 중대 분수령,3.53
홍콩 시위 지지한다 거리로 나선 대학생들...中대사관에 항의서한 제출,5.00
포토홍콩 민주화 시위 지지 집회,3.53
선거 앞둔 홍콩 불안한 평온…이공대 위생 악화종합,3.53
홍콩 구의원 선거 긴장속에 순조롭게 진행,3.53
홍콩 구의원 선거 긴장 속에 높은 참여 열기,3.53
홍콩 구의원 선거 순조롭게 진행...시위 사태 분수령,3.53
美 국가안보보좌관 美中 연내 1단계 무역합의 기대…홍콩 못본척 안해,3.53
美안보보좌관 美中 연내 1단계 합의 기대…홍콩 못본척 안한다,3.53
美 안보보좌관 연내 미중 1단계 합의 기대…홍콩 못 본 척 안 한다,3.53
미 국가안보보좌관 연내 미중 1단계 무역합의 기대…홍콩 외면 안해,3.53
구의회 선거 한껏 민감해진 홍콩…민심 확인될까,3.53
홍콩 24일 선거…시민들 민심 보여주자 투표 독려,3.55
홍콩 시민들의 표심은…,3.53
길게 줄선 홍콩 시민들,3.53
트럼프 홍콩 내가 시진핑에 부탁 안했다면 없어졌어,3.49
내년초 수출 반등한다지만...홍콩사태 장기화시 타격 적잖아,3.53
대학생들 “1980년 광주 정신 계승해 홍콩과 연대할 것… 인권엔 국경 없다”,3.50
“왜 홍콩 시위를 지지하나요” 한국 집회 현장에서 물었다,3.54
고립된 홍콩이공대 위생악화…정부 시위대 평화롭게 나오라,3.48
구의회 선거 투표하는 캐리람 홍콩 행정장관,3.53
홍콩 캐리람 장관 구의원 선거 투표,3.53
홍콩 구의원 선거 마친 캐리람,3.53
홍콩 캐리람 장관 투표 후 기자회견,3.53
홍콩민주화 요구 시민들 제2회 존 매케인상 수상자 선정,3.53
투표 기다리는 홍콩 시민들,3.53
선거일에도 유세 가능한 홍콩,3.53
홍콩 타임랩스 시위 멈춘 거리 뜨거운 투표 열기,3.53
홍콩 민주화 시위 지지 집회 경향포토,3.53
김환기 또 신기록 우주 132억원 낙찰...크리스티홍콩 경매,3.54
트럼프 “홍콩 나 아니었으면 14분 만에 사라졌다”,3.50
“총알은 신념을 뚫지 못한다” 中대사관 앞 홍콩 시위 지지 목소리,3.53
“홍콩에 자유를”…홍콩 지방선거날 민주화 지지 시위 나선 시민들,3.53
취재파일 2019년 6월과 11월의 홍콩…그리고 1989년 베이징,3.53
이른 아침부터 투표하는 홍콩 시민들,3.53
투표하자 홍콩 유권자들,3.53
홍콩 구의원 선거 긴 줄,3.53
홍콩 구의원 선거 뜨거운 관심,3.53
선거 앞둔 홍콩 불안한 평온…이공대 위생 악화,3.53
홍콩 민주선거 성사 지지…비 오는 일요일 연대 집회,3.53
휠체어 타고 투표소 향하는 홍콩 시민,3.53
홍콩 시위 심판대에 올라…지리멸렬 속 내일 선거 결과 촉각,3.50
홍콩 시위 사태 종결국면 접어드나…시위 줄고 충돌 사라져,3.51
홍콩 내일 구의원 선거...시위 사태 분수령,3.54
中 홍콩 구의원 선거 공정하게 치러야…사회안정 필요,3.53
中 홍콩 구의원 선거에 폭력위협 없이 공정선거해야,3.53
예측 불허 홍콩 사태…홍콩 증시 연계상품 불안불안,3.53
홍콩 인권법에 MSCI까지…국내주식펀드 줄줄이 마이너스,3.53
자막뉴스 ‘홍콩시위 지지’ 청년단체 집회…“모든 국가폭력에 반대”,3.53
상하이증시 홍콩 선거 결과 美·中 무역합의 영향에 촉각,3.53
홍콩 H지수 연계 ELS 미상환 잔액 30조…내 ELS는 괜찮을까,3.53
홍콩 선거 르포“투표율 64% 넘겨라” 홍콩 시위 주역 젊은 유권자들 투표소로 몰릴까,3.55
하루 앞 다가온 홍콩 선거…투표소에 무장경찰,3.52
홍콩사태 대립 속 中외교부장 美 글로벌 불안정의 최대 근원,3.53
홍콩 시위 소강상태…24일 구의원 선거 전환점 주목,3.53
홍콩 선거 르포심판의 날 시민들은 조용히 투표소 앞에 줄지어 늘어섰다,3.53
‘홍콩시위 지지’ 청년단체 집회…“모든 국가폭력에 반대”,3.71
홍콩시위 폭력진압 규탄…한국 연대는 내정간섭 아니다 종합,3.66
홍콩 대기업들 폭력 멈추고 우리집 지키자 신문광고,3.53
홍콩 대기업들 폭력 멈추고 우리 집 지키자 신문광고,3.53
원천봉쇄 일주일 홍콩이공대 식량 바닥...위생상태 열악,3.53
홍콩 항쟁 지지,3.53
홍콩항쟁 지지한다,3.53
인턴액티브 홍콩직업교육대생 텔레그램 인터뷰 이공대 함락돼도 투쟁 지속,3.52
알리바바 상장…홍콩증시 단기반등 쉽지않다,3.53
구의원 선거 D2…홍콩 시민 “시위 지지는 안해도 야당 지지할 것”,3.55
행진하는 홍콩 시위대,3.53
홍콩 인권침해 중단하라,3.53
선거 안내문 살펴보는 홍콩 시민,3.53
투표소 준비작업 살펴보는 홍콩 시민,3.53
홍콩 응원하는 대학생들,3.53
홍콩을 응원하는 눈빛,3.53
홍콩 지지하는 대학생들,3.53
트럼프 나 아니었으면 홍콩 14분 만에 없어졌을 것,3.41
홍콩 구의원 선거 준비,3.53
홍콩 구의원 선거 투표소는 이쪽으로,3.53
홍콩 연대 발언하는 참가자,3.53
홍콩지지 구호 외치는 참가자들,3.53
구의원 선거 앞둔 홍콩,3.53
하루 앞으로 다가온 홍콩 구의원 선거,3.53
홍콩의 민주주의를 위한 대학생·청년 긴급행동,3.53
홍콩 시위 희생자를 향한 묵념,3.53
이 시각 홍콩…하루 앞으로 다가온 홍콩 선거,3.53
트럼프 미중 무역 협상도 중요...홍콩인권법 거부하나종합,3.52
검은 마스크 낀 대학생·청년단체 “홍콩 시위대와 연대할 것”,3.65
홍콩 투표소마다 ‘장사진’ 열기…‘홍콩 시위’ 평가 시험대,3.53
투표로 민주주의 지키자 홍콩 구의원 선거 투표율 2배 높아져종합,3.53
홍콩 선거 열기…점심에  이전 선거 투표율 돌파,3.53
오늘 홍콩 구의원선거 410만 유권자 선택에 쏠린 눈,3.53
홍콩 구의원 선거 진행된다…시위 향방 가를 듯,3.53
홍콩사태 ‘중대 기로’… 친중·반중 의원수 따라 ‘시위 분수령’,3.53
홍콩 구의원 선거 투표율 ↑… 범민주 진영 힘 실릴 가능성,3.53
뜨거운 투표 열기…홍콩이 뒤집어졌다,3.53
홍콩 이공대 ‘고사작전’ 1주일 “위생·정신 건강 악화 우려”,3.53
인민일보 美 홍콩 개입은 中 발전 억제하려는 백일몽,3.53
경찰 실탄 맞은 홍콩 청년 총알로 사람 죽여도 믿음은 못죽여,3.53
홍콩 구의원 선거 시작...시위 사태 분수령,3.53
홍콩 오늘 구의원 452명 선거…시위 향방 가를 중대 분수령,3.53
홍콩 오늘 구의원 선거...시위 사태 분수령,3.53
홍콩 구의원 선거 열기...시위 사태 중대 분수령,3.53
홍콩 구의원 선거 시작...시위 사태 중대 분수령,3.53
홍콩 시위 장기화 속 오늘 구의원 선거…중대 분수령,3.53
美오브라이언 1단계 무역합의 연내 가능…홍콩 시위 모른척 안할 것,3.53
홍콩 오늘 지방의원 선거… 야권 우세 예상속 결과에 촉각,3.53
영상 홍콩 ‘점심번개 시위’ 직접 가봤습니다,3.54
투표하는 캐리 람 홍콩 행정장관,3.53
캐리 람 홍콩 구의원 선거 마치고,3.53
홍콩 오전 투표율 지난 선거보다 2배 높아,3.53
홍콩 구의회 선거 초반 투표율 24.37%…4년전 2배 넘어,3.53
홍콩 구의원 선거 경계근무,3.53
대학생·청년단체 광주·6월항쟁 계승해 홍콩 시위대와 연대,3.53
홍콩 민주화 시위 지지하는 외국인 참가자,3.55
포토홍콩 지지,3.53
홍콩 24일 구의원 선거…시위 향방 중대 분수령,3.53
홍콩 끝내 제2의 톈안먼 우려 속 사태 장기화 전망,3.50
홍콩서 경찰 최루탄 사용 중단 촉구하는 집회 열려,3.53
홍콩 내일 구의원 선거…시위 사태 변곡점,3.53
내일 홍콩 구의원 선거 시위 사태 향방 가를 중대 분수령,3.53
中 홍콩 구의원 선거에 폭력위협 없이 공정 선거해야,3.53
“광주ㆍ6월 정신 계승”…홍콩 선거날 서울서도 ‘연대’ 목소리,3.53
홍콩 선거 열기 뜨겁다 투표율 3배  높아… 민주화시위 분수령,3.55
“아 홍콩 사태”… 쪼그라드는 ELS ‘H지수’,3.53
홍콩 구의원 선거 찾은 조슈아 웡,3.53
홍콩경찰 실탄 맞은 차우 “총알이 사람 죽여도 신념은 못죽인다”,3.53
트럼프 中과 합의 근접…홍콩 나 아녔음 14분 만에 끝,3.51
시진핑 달랜 트럼프…나 아니면 홍콩 14분 만에 없어졌다,3.44
中 반발 우려에…트럼프 홍콩인권법 거부권 시사,3.47
트럼프 “나 아니었으면 홍콩에서 수천 명 죽었을 것”,3.53
중국의 홍콩 강경진압 규탄…한국 연대는 내정간섭 아냐,3.55
홍콩항쟁 지지,3.53
자막뉴스 홍콩선거 D1…“내가 본 홍콩사태와 선거”,3.53
중국대사관 부근서 홍콩 시위대 지지 집회,3.53
홍콩 시위 지지하는 대학생·청년들 국가 폭력 규탄…홍콩 시민들과 연대해야,3.54
홍콩 구의원 선거 D1…中 사회 안정 필요,3.53
홍콩 인권침해 중단,3.53
트럼프 나 아니었으면 홍콩서 수천명 숨졌을 것,3.53
홍콩 지방선거 오늘 치러져…시위 사태 분수령,3.53
시위 장기화 정정 불안에 홍콩 경제 ‘흔들’…韓 수출에도 영향 국제금융시장 불안 가능성,3.53
홍콩 이공대 시위대 나올때까지 대기중…마감시한 없어,3.53
내가 홍콩 살렸다는 트럼프 갈등의 핵 인권법엔 침묵,3.53
트럼프 美대통령 내가 아니었다면 홍콩 14분만에…,3.52
홍콩 시위 사라지나 이공대 시위도 사실상 종식...경찰 평화적으로 해결하고 싶다,3.51
트럼프 홍콩 나 아니었으면 14분만에 사라졌어,3.53
트럼프 홍콩 나 아니었으면 사라져…인권법 서명은 불투명종합,3.53
투표소 앞에 배치된 홍콩 경찰,3.53
홍콩 경찰 투표소 앞 경계 근무,3.53
호주 망명 요청 중국 스파이 중국 정부 홍콩과 대만에서 공작 활동 폭로,3.53
中 언론 홍콩 구의원 선거에 “폭력위협 없이 공정선거해야”,3.53
영상 ‘친중파 vs 범민주파’ 선거 하루 앞둔 홍콩의 민심은,3.52
홍콩 시위대와 연대할 것 국가의 폭력에 맞서겠다는 韓청년 단체 시위,3.55
홍콩 민주주의 운동 지지…대학생·청년단체 주말 서울 시내서 집회,3.54
홍콩 지지 주말 집회…끔찍한 폭력 발생 외면 안된다,3.69
홍콩 시위 진정 국면…24일 구의원 선거 예고,3.53
홍콩 시위 소강 국면…일요일 구의원선거 주목,3.53
홍콩 방문한 러 관광객 최루 가스통 들고 출국하려다 붙잡혀,3.53
홍콩 구의회 중간투표율 47.26%…4년전 최종투표율 넘어서,3.53
“홍콩 시위 바탕에는 중국화되는 미래 불안감”,3.53
홍콩 속 시위대,3.53
성조기 달고 행진하는 홍콩 시위대,3.53
홍콩 구의원 선거 당일에도 가능한 선거유세,3.53
님을 위한 행진곡 홍콩 알린 매리 킹 광주 방문,3.53
트럼프 나 아니었으면 홍콩 없어졌다…홍콩인권법안엔 거부권,3.52
트럼프 美中 합의 매우 가까워졌다...홍콩은 나 아니었으면 수천명 죽었을것,3.53
최루탄 반대 행진하는 홍콩 시민들,3.53
홍콩 선거 르포 “폭력경찰 무능정부 심판” 투표로 뭉치는 홍콩 시민들,3.54
트럼프 나 아니었으면 홍콩 14분만에 없어지고 수천명 죽어종합,3.49
홍콩 선거 D1,3.53
홍콩 구의원 선거 D1 홍콩 민심은,3.53
구의원 선거 투표소에 줄 선 홍콩 시민들,3.53
홍콩 대기업 20곳 등 홍콩은 우리의 집 폭력을 멈추고 집을 지키자 호소문 광고,3.53
홍콩 구의회 선거 열기,3.53
검은 깃발 들고 집회 참석한 홍콩 시민,3.53
트럼프 나 아니었으면 홍콩 14분 만에 없어지고 수천 명 죽어,3.50
홍콩 시위 방향성 잃고 혼선…5년 전 ‘우산혁명’ 데자뷔,3.53
홍콩 시위 잦아들어…경찰 이공대사태 해결 데드라인 없어종합3보,3.53
김환기 우주 홍콩 경매서 132억원 낙찰,3.53
홍콩 구의원선거 높은 투표율 속 진행 중…민심 바로미터,3.53
中 대사관 앞 ‘홍콩 지지’ 집회…‘혐중 정서’ 커지나,3.53
김환기 우주 홍콩 경매서 132억원 낙찰 낙찰자는 송자호 큐레이터,3.53
홍콩 시위 잦아들어…종결 국면 분석도,3.53
홍콩 선거 열기 후끈…결과 25일 아침 발표,3.53
홍콩 英직원 中이 고문 폭로에 中 성매매 자백 진실공방,3.48
서울대 홍콩 시위 지지 레넌 벽 학생들이 자진 철거,3.53
24일 구의회 선거가 홍콩 시위 분수령…친중파 독점 깰까,3.53
홍콩 시위 금융권 영향 예상보단 낫지만…,3.53
홍콩 시위 참여 12세 소년에 유죄 판결.. 최연소 기록,3.53
시위 장기화에 홍콩경찰 이민·관세당국서도 200명 충원,3.53
홍콩 경찰 시위 장기화 대비 이민·관세당국서 200명 충원,3.53
시에로코스메틱 ‘2019 홍콩 코스모프로프’ 호평,3.53
홍콩 시위 사태 종결국면 접어드나…시위 줄고 충돌 사라져종합,3.53
홍콩시위 ‘임을 위한’ 개사해 알린 매리킹 광주찾아,3.53
트럼프 중국의 홍콩 무력 진압 내가 막았다,3.53
빅데이터로 본 대한민국 홍콩 시위 대한민국은 어떻게 보고 있나,3.53
단독서울대 홍콩 지지 레넌 벽 사라졌다...학교 측 허락 없는 게시물 철거 공문,2.85
‘홍콩 우산혁명 강경진압’ 전직 경무국장 유엔기구 수장 임명서 밀려,3.53
우산혁명 진압 前 홍콩경찰총수 UN기구 수장 임명 실패,3.53
우산혁명 진압 前홍콩경찰총수 유엔기구 수장 임명 실패,3.53
홍콩사태 유탄맞은 서울옥션,3.53
KTB투자 홍콩사태로 경매시장 부진…서울옥션 목표가↓,3.53
홍콩 시위 불똥…서울옥션 휘청,3.53
中 무장경찰. 홍콩 인접 본토 선전서 아직 대기,3.53
홍콩 인접 선전에 중국 무력 여전히 대기 중,3.53
美 상하원 모두 홍콩인권법 통과…트럼프 서명만 남았다,3.56
시위 참여못한 재한 홍콩인들…선거 승리 위해 비행기 탑니다,3.53
‘초강경 진압’ 홍콩 시위·충돌 줄어…“투표소에 무장경찰 배치”,3.53
홍콩 시위 잦아들어…경찰 이공대사태 해결 데드라인 없어종합2보,3.53
트럼프 나 아니었다면 홍콩서 수천명 죽었을 것,3.53
中 美 홍콩인권법 추진은 이중잣대…보복할 것종합,3.53
中 美 홍콩인권법 추진 이중잣대…보복할 것,3.53
트럼프 나 아니었으면 홍콩 없어졌다…홍콩인권법안엔 거부권종합2보,3.53
교황 中 자극 피하며 홍콩·대만의 평화와 웰빙 기원,3.53
홍콩이공대 잔류 시위대 수십 명 불과,3.53
TV 시청하는 홍콩이공대 잔류 시위대,3.53
홍콩이공대 시위대 속속 투항 시위 사태 종결 추측도,3.53
홍콩 시위 소강상태…24일 구의원 선거에 기대 걸기도종합,3.53
김환기 우주 한국 미술품 경매가 신기록…홍콩서 132억원에 낙찰,3.53
소녀상 옆에서 자유 외치는 홍콩 시민,3.53
홍콩 반일단체가 설치한 소녀상,3.53
‘홍콩시위 지지’ 한양대 레넌벽 박물관으로 옮겨 소장,3.54
한양대 레넌벽 홍콩 지지 게시물 정리…박물관서 보관,3.55
한양대 홍콩시위 지지 레넌벽 박물관에 소장,3.53
한양대 홍콩시위 지지 레넌벽 박물관에 소장키로,3.53
자막뉴스 홍콩선거 D2…잠잠해진 폭력시위,3.53
홍콩 지방선거 D2…시위 줄고 ‘친중파 vs 범민주파’ 격돌,3.53
동력 떨어진 홍콩 시위…경찰 초강경 대응에 이탈자 속출,3.53
홍콩 시위 줄고 경찰과 충돌 사라져…시위대 선거기간 시위중단 해야,3.53
지방선거 이틀 앞 숨죽인 홍콩…경찰 “투표소에 진압경찰 배치”,3.53
홍콩 시위사태 속 구의원선거에 투표소마다 무장경찰 배치,3.53
홍콩 선거 예정대로…투표소엔 무장경찰·접경지엔 中경찰,3.53
홍콩 구의원 선거 D2...투표소에 진압 경찰 배치될 것,3.53
구호 외치느 홍콩 시위대,3.53
홍콩 여당 후보 선거 벽보 훼손,3.53
홍콩 야당 후보 선거 벽보 훼손,3.53
홍콩 시민들의 5대 요구,3.53
고문피해 주홍콩 英영사관 前직원은 성 매수자,3.52
홍콩 구의원 선거 투표소 설치,3.53
신원확인 하는 홍콩 경찰,3.53
홍콩 경찰 불심검문,3.53
홍콩 일본대사관 앞에 설치된 소녀상,3.53
홍콩 희생자들을 위한 묵념,3.53
홍콩 시위대의 5대 요구,3.53
가슴에 손 얹는 홍콩 시위대,3.53
미중 무역합의 홍콩에 발목 잡히나,3.53
홍콩 무소속 후보 선거 벽보 훼손,3.53
훼손된 채 방치된 홍콩 구의원 후보 선거 벽보,3.53
홍콩 구의원 선거 홍보 게시물,3.53
“中스파이 가짜 韓여권 들고 홍콩·대만 드나들며 공작”,3.51
TV 시청하는 홍콩이공대 시위자들,3.53
홍콩 시민의 눈물,3.53
홍콩 직장인의 외침,3.53
서울옥션 홍콩 사태로 경매 실적 급락KTB투자증권,3.53
“서울옥션 2019년은 홍콩사태로 최악의 시기...목표가↓”,3.53
서울옥션 홍콩 시위 여파 경매시장 부진 영향…목표가↓KTB,3.53
한양대 레넌벽 박물관으로…홍콩 지지·반대 모두 사료,3.53
트럼프 나 아니었으면 홍콩 14분만에 없어졌을 것,3.45
홍콩 구의원 선거 D1 정치권 판도 바꿀까… 홍콩 시위 분수령될 것,3.53
홍콩 시위 소강상태…모레 구의원 선거,3.53
홍콩 시위 소강 상태…24일 구의원 선거 기대,3.53
홍콩 시위 소강상태…24일 구의원 선거에 기대 걸기도,3.53
中 왕이 “미 의회 홍콩 법안 통과는 다른 나라 내정간섭”,3.53
中 인민일보 “홍콩 인권법은 내정 간섭…결국 美 이익도 해쳐”,3.53
24일 홍콩선거 젊은 층 투표 열기…유학생 귀국도,3.54
홍콩선거 D2…잠잠해진 폭력시위,3.53
훼손된 홍콩 구의원 선거 홍보 게시물,3.53
이번주 증시인물美 의회 통과한 홍콩인권법…증시 블랙스완으로,3.53
홍콩 시위대 인터뷰 “아직 유서 쓰지 않았기에 쓰러질 수 없다”,3.53
홍콩 시위 사태 종결국면 시위 줄고 충돌 사라져,3.53
부산대도 홍콩 시위 대자보 갈등…찬반 의견 분분,3.53
‘홍콩 대혼란’ 현장을 가다 좌절·불안에 떠는 홍콩…英에 “거주권 달라” 청원 10만 돌파,3.52
수협중앙회 홍콩에 韓 수산물 수출 돕는 지원센터 열어,3.53
최루가스통이 기념품...러시아 관광객 홍콩 공항서 억류,3.53
구의원 선거 투표소 살펴보는 홍콩 시민,3.53
시위 지켜보는 홍콩 시민들,3.53
홍콩 시위 소강상태…모레 구의원 선거 변수되나,3.53
홍콩르포 영상 12세 소녀가 전쟁터 이공대에 남은 이유는,3.51
홍콩이공대에 남아 있는 방독면과 헬멧,3.53
선거 이틀 앞 숨죽인 홍콩…투표소에 진압 경찰,3.53
홍콩 시위의 흔적,3.53
홍콩서 선거 현수막 훼손 70대 경찰 얼굴 면도칼로 그어,3.53
中 홍콩인권법 美 기업·개인 제재할 수도,3.53
유럽증시 홍콩 관련 美·中 갈등 고조 우려에 하락,3.53
사실상 홍콩 사태 심판 투표...구의원 선거로 다시 긴장,3.53
경찰 홍콩이공대 닷새째 포위…전 英 영사관 직원 “中이 고문” 폭로 파문,3.49
홍콩 복면금지법 계속 시행...법원 정부 이의 수용,3.53
中 무역협상·홍콩인권법 ‘양면 전략’,3.53
홍콩 시위 지지 대자보 훼손이 부른 ‘혐중 정서’,3.53
中 홍콩 주재 英 영사관 직원 2주간 감금·고문,3.50
24일 홍콩 구의원 선거 시위 사태 향방 가를 중대 분수령,3.53
깊어가는 美中갈등 무역전쟁·홍콩인권이어 남중국해 신경전,3.53
트럼프 홍콩 카드로 중국 압박… 홍콩 나 아니었음 14분만에 사라져,3.53
정리되는 홍콩 크로스 하버 터널,3.53
잦아드는 홍콩 시위… 경찰 ‘초강수’에 주말이 변수,3.53
스브스뉴스 10대 학생보고 폭도라고…홍콩 시위대의 진짜 얼굴은,3.50
뉴욕 3대지수 하락세…미중 갈등·홍콩사태 불확실성 증폭,3.53
홍콩지지 韓대학생에 화냥년 살인 협박도 하는 中유학생들,2.83
트럼프 나 아니었으면 홍콩 14분만에 없어지고 수천명 죽어,3.50
크리스 탕 경무처장 홍콩 이공대 시위 해결에 시한 없어,3.53
홍콩인권법안 美·中무역협상 걸림돌 되나,3.53
트럼프 손에 넘어간 홍콩인권법…서명 땐 무역협상 위기,3.53
격렬했던 홍콩 이공대,3.53
홍콩인권법 美 양원 모두 통과…트럼프 서명만 남아,3.53
24일 홍콩 구의원 선거 혼란 국면 진정시킬까,3.53
진퇴양난 홍콩 구의원 선거 중국의 뜻은,3.53
홍콩인권법 미국 양원 통과…트럼프 서명만 남았다,3.54
홍콩 이공대 고사작전 닷새째…한계에 달한 남은 100명의 운명은,3.52
홍콩이공대 닷새째 경찰에 포위...시위 동력 잃나,3.52
르포홍콩 센트럴 경찰 해산하라…이공대 시위대 도와주세요,3.52
홍콩 시위 참가한 12세 소년 기소 논란…24일 선거 분수령,3.53
펠로시 홍콩인권법 서명해 백악관에 보내…트럼프 사인할 듯,3.53
이슈레터 “레넌 벽을 지켜라” 홍콩 지지 한국 대학가 왜 시끌시끌한가,3.51
홍콩시위 지지 대자보 훼손하는 중국 학생들…결국 폭행사건까지,3.52
한치앞 ‘홍콩인권법’ 두치앞 ‘추가관세’…中 美에 “만나자”,3.53
中 “베이징서 만나자” 고위급 미중 협상 제안…홍콩인권법 서명·관세인상 ‘분수령’,3.53
부산 대학가 ‘한·중 갈등’ 비화된 ‘홍콩 시위’,3.52
Asia마감홍콩인권법·무역협상 미중 갈등 불씨 여전,3.53
美 루비오 의원 트럼프 홍콩인권법 곧 서명할듯,3.53
홍콩 인권법 서명에 고위급 회담 미정…꼬이는 미·중 무역협상,3.53
홍콩시위 10대들 처벌 않는다더니… 당국 ‘출국 금지’ 조치 드러나 파문,3.53
홍콩 6개월 시위로 큰 타격…10년만에 불황,3.53
홍콩 지지 웨이보에 얼굴 노출…한수진 난 당당하다,3.57
이번엔 홍콩인권법…불확실성 확대에 숨죽인 외환시장,3.53
‘운명의 10일’…중 트럼프 ‘홍콩법안’ 서명 저지 총력전,3.53
홍콩發 美·中 불안에… 코스피 2100선 붕괴·환율도 출렁,3.53
민주화 운동가들 “홍콩 시위서 보았다 5월 광주와 1986년 권인숙·1987년 이한열을”,3.49
트럼프 홍콩 나 아니었으면 사라져…홍콩인권법안 거부권 행사하나,3.53
트럼프 홍콩인권법 거부권 행사할까 “잘 살펴보겠다” 모호한 태도 취해,3.51
서울대 홍콩 시위 지지 레넌 벽 자진 철거,3.53
트럼프 홍콩 인권법 서명할 듯..對中 규제 쏟아지나,3.54
서울대 홍콩 시위 지지 대자보 철거…다음 주 재설치,3.53
홍콩 이공대 이탈자 계속 늘어…시위대 수십명만 남아종합,3.53
홍콩 이공대 이탈자 계속 늘어…시위대 수십명만 남아,3.53
경찰 고사 작전…홍콩 이공대 시위대 수십명 남아,3.53
알리바바 홍콩상장 공모가 결정,3.53
한국 학생들의 지지 “홍콩의 이한열들에게”,3.53
24일 구의원 선거 앞둔 홍콩 도심 풍경,3.53
서울대 홍콩 시위 지지 레넌 벽 학교 요청에 자진 철거,3.53
서울대 홍콩 시위 지지 레넌벽 자진철거…내주 중 재설치,3.53
해외로 해외로 홍콩 부유층 자산 이전 움직임,3.53
홍콩 강경파 경찰청장 초강수…200명 폭동죄 무더기 기소,3.50
홍콩 시위 이틀간 1천 명 체포…무더기 폭동죄 기소,3.51
홍콩 강경파 경찰 수장 시위대 213명 폭동죄 기소…평화시위도 원천봉쇄,3.52
시각장애 연기 홍콩스타 임달화 영화 속 안내견 입양하기로,3.53
中 선거 예정대로…평온 되찾은 홍콩 선거 국면으로,3.53
홍콩 경찰 측 이공대사건 데드라인 없어,3.53
中 시위 사태에도 홍콩 구의원 선거 예정대로 실시 권고,3.53
깊어지는 트럼프의 홍콩인권법 딜레마...서명시 미·중 협상 파행으로 재선 惡材 우려,3.53
中 “보복” 경고에도… 美 홍콩인권법 최종통과,3.54
中강력반발에도 美의회서 홍콩인권법 최종가결…공은 트럼프에,3.58
‘미드레벌 에스컬레이터부터 딩딩트램까지’ 홍콩 겨울 시간여행,3.53
여기 홍콩 시위 지지하는 중국인 유학생도 있습니다,3.55
외대 학생들 ‘홍콩 지지 대자보’ 철거한 학교 규탄,3.51
中경찰 홍콩 英영사관 직원 성매수해서 체포…현장·자백 동영상공개,3.53
홍콩 경찰 강경 진압 지속…시위 줄고 충돌 사라져,3.53
홍콩 범민주 진영 美 의회 홍콩인권법안 통과에 환호,3.54
中 인민일보 “‘홍콩 인권 법안’은 무용지물 될 것”,3.53
미중갈등으로 번지는 홍콩시위…中매체 홍콩인권법 총공세,3.54
홍콩 소강상태 속 산발적 집회·시위 이어가,3.53
홍콩 이공대에 성조기가 등장한 이유,3.75
여전히 매력적인 홍콩2 레이먼 킴 셰프의 추천,3.53
美의회 홍콩인권법안 등 중국 때릴 법안 150개 이상 준비,3.57
홍콩 경찰 봉쇄 작전…英 영사관 고문 감금,3.50
홍콩 먹구름에 주가 2100선 와르르,3.53
홍콩 미쉐린 원스타 딤섬 맛집 팀호완 국내 첫 매장,3.53
美·中 홍콩사태 강대강 대결로,3.53
겨울 성수기에도…일본 이어 줄어드는 홍콩 노선,3.53
홍콩시위 찬반갈등 계기 폭행·훼손…경찰 수사종합,3.53
결국 한·중 대학생 폭행으로 번진 ‘홍콩시위 대자보’ 갈등,2.90
‘홍콩 지지’ 학생들 ‘레논벽 훼손’ 경찰 고소…“민주주의 훼손”,3.55
홍콩시위 찬반갈등 계기 폭행·훼손…경찰 수사종합2보,3.53
홍콩 시위 지지 대자보 두고 한중 학생 폭행 사건 발생..경찰 수사,3.47
홍콩시위대에 폭행당한 친중인사에게 中서 성금 봇물,3.53
“중국 공산당 24일 홍콩 선거 예정대로 실시 권고”,3.53
中 홍콩 구의원 선거 예정대로 실시 권고,3.53
홍콩 사태 분수령 24일 지방선거 연기될까,3.53
트럼프 서명만 남았다...中 반발에도 美 홍콩인권법 가결,3.53
자유로운 공간이었는데… ‘홍콩 지지’ 레넌벽 철거 요구한 서울대,3.53
홍콩 시위에 홍콩오픈 골프대회까지 취소,3.53
“중국 24일 홍콩 구의원 신거 예정대로 진행 권고”,3.53
홍콩사태 후폭풍…코스피 조정 불가피,3.51
르포홍콩 백색테러 규탄 집회…10대소년 정부는 中 꼭두각시,3.53
美·中 홍콩사태 정면충돌…연내 1단계 무역합의 물건너간듯,3.64
시위 진정되자 미중 홍콩 인권법 정면 충돌,3.53
中 강력 반발에도 美 의회서 홍콩 인권법 최종가결…공은 트럼프에,3.53
홍콩 강경파 경찰 수장 200여 명 폭동죄 기소 초강수,3.48
“홍콩 H지수 하향세 뚜렷 변수는 美인권법”,3.53
경희대서도 ‘홍콩 시위’ 지지 대자보 훼손…“나는 홍콩 시민” 주장,3.37
이슈커지는 홍콩 리스크에 요동치는 주가·환율,3.53
서울대 홍콩 지지 학생들 레넌 벽 훼손범 경찰 고소,3.54
홍콩 지지 서울대 학생들 레넌벽 훼손 경찰 고소,3.54
격화되는 홍콩 시위…올해 한국의 對홍콩 수출 33% 급감,3.53
불 꺼진 홍콩… 韓수출액 33% 급감,3.52
유럽마감 미중 홍콩 갈등에 일제하락,3.53
美상원 ‘홍콩인권법’ 만장일치 통과...中 내정간섭 중단하라 즉각 반발,3.62
美상원 홍콩 인권·민주주의 법안 만장일치로 통과,3.53
홍콩인권법 후폭풍 우려에 홍콩증시 1%대 하락종합,3.53
中 홍콩 구의원 선거 예정대로 실시하라 권고,3.53
中 홍콩 구의원 선거 예정대로 24일 실시 권고 SCMP,3.53
홍콩 시위 분수령 될 구의원 선거…친중파 다수 의회에 변화 올까,3.53
유럽증시 미중 무역 협상 부진에 홍콩 우려 겹쳐 하락,3.53
홍콩 이공대학 시위의 흔적,3.53
홍콩 이공대학 곳곳에 시위 흔적,3.53
단독‘홍콩 지지 대자보’ 한중 학생 폭행사건 발생… 경찰 조사중,3.39
전남대 5·18연구소 홍콩 사태 평화적 해결 촉구,3.53
韓관광객 2명 홍콩이공대에 갇혔다가 탈출,3.50
韓관광객 2명 홍콩 이공대 전쟁터에 갇혔다 탈출,3.31
홍콩시위 구경 간 한국인 2명 이공대 갇혀 韓영사관에 SOS,2.79
한국인 관광객 2명 홍콩 이공대에 갇혔다 탈출,3.44
홍콩 시위 구경 간 한국인 관광객 나는 한국인이다 외치며 탈출,3.31
‘홍콩인권법’ 美中 충돌…트럼프 거부권 가능성도,3.58
홍콩시위 지지 韓학생들 대학측이 대자보 철거 민주주의 훼손,3.53
르포홍콩 이공대 봉쇄 나흘째 교내엔 성조기가…,3.51
홍콩사태로 미중 갈등 증폭 우려… 코스피 28P 급락,3.53
닷새째 경찰에 포위된 홍콩 이공대,3.53
비행기값 평소 4배까지..  홍콩 유학생의 한숨,3.53
격렬했던 홍콩 시위의 흔적,3.53
밧줄 타고 하수구 기어가고…홍콩 시위대 이공대 필사의 탈출,3.50
홍콩이공대 나오는 부상 시위대원,3.53
홍콩이공대에 흩어진 시위대 흔적들,3.53
위기의 홍콩 학생 시위대…美 하원도 ‘홍콩 인권법’ 처리,3.53
서울옥션 홍콩사태 여파 실적타격 우려…목표가↓KTB투자증권,3.53
한국외대 학생들 “홍콩 시위 지지 대자보 철거 학교 사과하라”,3.37
200여명 폭동죄 기소 초강수…홍콩시위대 기세 꺾기종합,3.52
폭행 신고에 고소까지...대학가 홍콩 갈등 확산,3.51
대자보 훼손에 폭행사건까지… 대학가서 번지는 홍콩 지지 갈등,3.51
홍콩 시위대 향후 대응 갑론을박…사흘 뒤 선거 동력회복 계기 될까,3.53
글로벌 아이 한·일 정상님들 홍콩을 좀 보시라,3.54
탈출 시도 홍콩 시위대…줄줄이 체포,3.50
탈출 시도 홍콩 시위대…경찰에 줄줄이 체포,3.51
폼페이오 홍콩 사태 심각 우려…中 홍콩과 약속 존중해야,3.47
“폭력 용납 안 돼”…홍콩 사태에 국제사회 우려 목소리,3.52
韓 관광객 2명 홍콩 이공대 시위 현장 갇혔다 극적 탈출,3.52
엉망진창으로 변한 홍콩 거리,3.53
미중 무역 합의 삐거덕…홍콩 사태 등 악재 산재,3.53
美中 홍콩인권법 놓고 충돌…무역협상 영향 우려도,3.53
“트럼프가 홍콩인권법 서명할 계획”이라고,3.53
홍콩인권법 美 양원 모두 통과…트럼프 서명 남겨상보,3.53
中외교부 美 홍콩인권법에 반격할 준비돼 있다,3.53
최후 보루 뚫린 홍콩 시위대…유서까지 쓰며 결사항전,3.28
총 겨누고 진압봉 휘두르고…홍콩 이공대 체포작전 시작,3.30
홍콩인권법은 시작..美 中압박 법안만 150개 준비,3.53
美 ‘홍콩인권법’ 트럼프 서명만 남아… 美中갈등 불씨 가능성,3.53
중국인들에게 동전 맞은 ‘홍콩 지지’ 한양대생의 호소 인터뷰,3.26
홍콩 시위 장기화에 英 거주권 청원 10만 명 돌파,3.53
홍콩 시위 장기화에 영국 거주권 요구 청원 10만 명 돌파,3.53
알리바바 홍콩증시 공모가 176홍콩달러 결정…26일 상장,3.53
홍콩 고등법원 시위대 마스크 금지 복면금지법 위헌,3.55
홍콩 고등법원 시위대 마스크 착용 막는 복면금지법 위헌,3.66
홍콩 고등법원 “시위대 마스크 착용 막는 복면금지법 위헌”,3.63
홍콩 고등법원 복면금지법 위헌…합리적 필요성 초과,3.53
시위 갈등 고조 홍콩오픈 골프대회 결국 취소,3.53
중국 홍콩인권법안 미 상원 통과에 중단 않으면 반격 경고,3.51
홍콩 경찰 봉쇄작전…시위대 기세 꺾기,3.52
사흘 봉쇄작전에 무너진 홍콩시위대 최후 보루,3.47
기생충같은 화냥년…홍콩시위 지지 韓대학생 협박하는 中유학생들,3.52
관광객 탈출 뉴스에도 홍콩 여행 특가 상품…여행사 안전 문제 없다,3.53
홍콩인권법 美 하원도 통과… 中 “강도짓” 발끈,3.54
홍콩 이공대 시설물 복구작업,3.53
홍콩 이공대학교 봉쇄 닷새째,3.53
홍콩 이공대 봉쇄 5일째...미성년자 30명 잔류,3.53
홍콩 시위·인권법·미중 무역협상 악재…홍콩증시 1%대 하락,3.53
홍콩인권법 후폭풍 우려에 홍콩증시 장중 2%대 급락,3.53
트럼프 서명만 남은 ‘홍콩 인권법안’… 미중 무역합의 연내 불투명,3.54
미국 상원 홍콩인권법 통과…중국 “내정간섭” 보복 예고,3.61
보커스 트럼프 홍콩인권법 서명시 무역협상 불확실성 가중,3.53
홍콩인권법 美상하원 모두 통과…트럼프 서명 주목종합,3.53
지워진 홍콩 시위대의 문구,3.53
자유 외치는 홍콩 시민들,3.53
인권·민주주의 수호 의지 시험대…트럼프 홍콩 인권법안 서명할까,3.53
속보 홍콩 고등법원 ‘복면금지법’ 위헌 결정,3.53
4시간만에 3번 훼손 세종대 대자보 칼자국까지...韓·中 홍콩 갈등 몸살,3.01
홍콩 시위 지지 ‘레넌 벽’ 훼손에…서울대생들 고소장 제출,3.58
트럼프 홍콩인권법에 거부권 행사할 수도로이터,3.52
홍콩 시위 둘러싼 대학가 갈등…대자보 훼손에 이어 폭행까지,3.52
성조기를 든 홍콩이공대 시위자,3.53
이공대 포위 홍콩경찰 미성년자도 체포방침 밝혔다 물러서,3.52
홍콩시위 지지 갈등 명지대서 韓·中학생 폭행 사건…경찰 수사,3.52
홍콩 시민들의 외침,3.53
홍콩 일촉즉발…이공대 탈출 시위대 4백 명 넘게 체포,3.46
이공대 진압작전 중 ‘경찰 총수 승진’…강경파 등장에 홍콩 초긴장,3.51
美상원 홍콩인권법 통과에 中 격한 반발 美대사 대리 초치 항의,3.57
홍콩인권법 하원 지나 백악관에…트럼프 서명할 것,3.53
밧줄 타고 하수구 들어가고… 목숨 건 홍콩이공대 탈출 작전,3.42
홍콩 지지 대자보 철거한 외대…학생들 중국 눈치보냐 반발,3.19
외대생들 홍콩 시위 대자보 철거 학교 당국 비판.. 무책임,3.53
홍콩시위대 최후 보루 폴리텍大에 경찰 진입...탈출 시도 차량에 실탄 발사도,2.89
美상원 이어 하원도 홍콩인권법 통과.. 트럼프 서명할까,3.53
트럼프도 홍콩인권법 서명할 듯,3.53
서울대 레넌벽도 훼손…‘홍콩 시위 지지’ 둘러싼 대학가 갈등 심화,3.27
구의원 선거 ‘홍콩 사태’ 전환점 될까…‘서방 vs 중국’ 대립 격화,3.53
폭행사건에 대학이 철거도…‘홍콩 대자보 갈등’ 점입가경,3.52
전남대 5·18연구소 중국·홍콩정부 폭력 중단 평화적 해결을,3.53
홍콩이공대 구경갔던 한국인 관광객 Im Korean 외치며 탈출,3.52
‘외지 출생 40%’ 복잡한 홍콩…민족주의에 가려진 격차 구정은의 수상한 GPS,3.53
한국외대 ‘홍콩 지지’ 대자보 철거…“학생 간 갈등 우려”,3.50
한국외대 홍콩 지지 대자보 철거…학생 간 갈등 악화,3.48
홍콩 시위대 최후 보루 뚫렸다 400명 체포…일부 로프탈출,3.38
자유 갈망하는 홍콩 시민들,3.53
홍콩 이공대에 남은 100여 명 ‘최후의 탈출’ 고민 중,3.53
포토 7·21 백색테러 규탄한다 사건 현장에 다시 모인 홍콩 시민들,3.53
홍콩 새 경찰총수 “석방은 없다”… 200명 폭동죄 기소 초강수,3.52
고립된 홍콩 시위대 탈출 시도…“봉쇄 안 풀면 염소 폭탄 던지겠다”,3.30
폭력시위 싹 자르자…중국·홍콩 당국 강경대응,3.53
홍콩 시위 장기화 “수출 하락 시장 불안 가중”,3.53
‘홍콩인권법’ 美의회서 최종 가결···트럼프 서명만 남아,3.53
中반발 속 美의회 홍콩인권법 통과…트럼프 서명 수순,3.53
출구 없는 홍콩…‘행정장관 직선제’ 물거품 되나,3.53
고립 홍콩 시위대 이탈 속출…강경파 신임 경찰청장 현장 지휘종합,3.52
홍콩 시위 피해자에 6억원 기부금 쏟아져…배우 황샤오밍 등 참여,3.53
홍콩이공대 시위대 수십명 밧줄타고 고속도로로 극적 탈출,3.54
홍콩 이공대 학생들 구하기 위해 수천 명 인근서 시위,3.52
홍콩 고법 복면금지법 위헌 판결… 시위대 긴급법 적용 어렵다,3.55
시진핑·캐리람 맞서 연대하자…청년들 中대사관 앞 홍콩 지지,3.54
이공대 진압훈련한 인민해방군···홍콩 최후의 보루 함락되나,3.52
유럽증시 ‘홍콩 사태’에 미중 우려 확산… 약세 마감,3.53
중국 미국의 홍콩인권법 통과에 발끈…노골적 불만 표시종합,3.52
美상원 홍콩인권법 통과에…中 내정간섭·불장난·강력반격 등 총공격종합,3.60
홍콩에 경고하나…中 軍 청소 이어 테러진압훈련,3.49
홍콩인권법 통과 지지하는 시위대,3.53
사진 홍콩 주둔 중국군 시위진압 훈련,3.53
조용한 홍콩 이공대,3.53
홍콩 시위 지지 부산대 학내 게시판 대자보도 훼손,3.53
‘홍콩 시위 지지’ 대자보 둘러싼 갈등…대학가 곳곳 확산,3.51
경희대서도 ‘홍콩시위 지지’ 대자보 훼손 홍콩인 자처 “한국 문제 신경써라”,3.53
홍콩 직장인들의 요구,3.53
보복관세에 홍콩 사태까지..美中 연내 무역합의 물건너가나,3.53
홍콩 이공대서 결사항전 다짐…‘전쟁터’ 방불,3.38
홍콩의 오늘은 세계의 내일,3.53
‘홍콩지지 대자보’ 폭행에 고소까지…한·중 학생 갈등 격화,3.43
이슈큐브 국내 대학가 홍콩 시위 한중 갈등 확산…해법은,3.53
대자보 훼손·몸싸움·고소전…캠퍼스 담 넘은 홍콩 갈등,3.51
다샛째 투행하는 홍콩 이공대 학생들,3.53
영상 불바다가 된 홍콩 시위 왜 격해졌나,3.53
美하원 홍콩시위대 지지 법안 통과…경찰에 최루가스 판매금지,3.53
中 美 대사대리 불러 홍콩 인권법안 항의,3.51
美·中무역협상 눈앞인데… 트럼프 홍콩인권법 딜레마,3.53
홍콩인권법 이제 백악관으로…트럼프 서명만 남겨 상보,3.53
“트럼프 ‘홍콩인권법’ 서명 예정”…中관영매체 “홍콩 폭력지지법’” 맹비난,3.53
자막뉴스 미중 무역 합의 삐거덕…홍콩 사태 등 악재 산재,3.53
Asia오전홍콩 항셍지수 2% 급락… 美中 무역합의 우려 탓,3.51
홍콩 법원 시위대 마스크 금지법 위헌…기본법 위배 자유제한종합,3.55
홍콩 이공대 이탈자 계속 늘어…시위대 60여명만 남아,3.53
경찰 홍콩이공대 닷새째 포위…英 영사관 직원 “中이 고문” 폭로 파문,3.53
자막뉴스 경찰 홍콩이공대 닷새째 포위…英 영사관 직원 “中이 고문” 폭로 파문,3.53
홍콩 딤섬 레스토랑 팀호완 내달 삼성동에 국내 1호점,3.53
美 홍콩 사태 우려 중국은 홍콩 시민과의 약속 지켜라,3.53
유럽증시 홍콩 사태 관련 美中 마찰 속 일제히 하락,3.53
중국 유학생의 외침 “홍콩은 중국의 미래…시진핑이 나서 보호해야”,3.56
특파원 칼럼 고삐 풀린 공권력 홍콩에서  정인환,3.53
“움직이면 경찰봉에 맞아”…전 홍콩 英영사관 직원 中 고문 폭로,3.52
홍콩 주재 英영사관 직원 폭로 中에서 고문당했다,3.53
홍콩 시위 전쟁터 방불…경찰 실탄 쏘고 음향대포 동원,3.44
전쟁터 홍콩 사태 끝없이 악화...실탄 사용할 것,3.47
홍콩 최후의 요새 결국 뚫렸다···이공대 성조기들고 SOS,2.98
유안타증권 홍콩사태 재부각으로 당분간 증시 변동성 확대,3.53
“홍콩사태 재부각…韓 대홍콩 수출 우려 심화”,3.53
홍콩 정부 美인권법안 긴장 완화에 도움 안돼…발효 막아야,3.53
미중갈등으로 번지는 홍콩시위…중국매체 홍콩인권법 총공세,3.53
中 홍콩 사법권 전면 부정…복면금지법 위헌 권한 없다,3.52
중국 복면금지법 위헌 결정에 불복…홍콩 법원 결정 권한 없어,3.53
시위 잔해만 남은 홍콩 이공대학교,3.53
‘시위 보루’ 이공대 새벽 진압 폭발·총성 아비규환 혼돈의 홍콩을 가다,3.32
전쟁터 방불케 한 홍콩시위 현장…실탄 가세 진압작전,3.41
시위대 ‘최후의 보루’ 홍콩 이공대 아비규환…전쟁터 방불,3.48
부산대 레넌 벽 대자보에 표출된 홍콩 시위 찬반 의견,3.53
홍콩 이공대 내부 시위대 탈출 모색…항복하느니 죽음 각오도,3.53
홍콩인권법 오히려 홍콩만 힘들게 할 것수잔 손튼,3.53
“홍콩은 우리의 미래… 중국인들이 먼저 손 내밀어야”,3.53
최후 보루 이공대 봉쇄…홍콩 시위대 탈출 시도,3.53
韓·中 대학생 홍콩 대자보 갈등 경찰 수사 착수,3.53
홍콩 이공대 시위대 저체온증 부상 등에 탈출 러시…동력 약화,3.52
경찰 봉쇄에 홍콩 이공대 탈출 러시…무너지는 ‘최후 보루’,3.52
펠로시 하원의장 홍콩인권법 서명 트럼프에 보내,3.53
中 홍콩인권법안 美상원 통과에 중단 않으면 반격종합,3.61
中 홍콩인권법안 美 상원 통과에 중단 않으면 반격,3.53
中 美 상원 홍콩인권법안 통과에 “법 중단 않으면 반격”,3.53
美 홍콩사태 심각한 우려…시위관련 독립적 조사 개시해야,3.54
찢기는 대자보… 부산 대학가서도 ‘홍콩 갈등’ 우려,3.53
영상 흔들리는 일국양제…위기의 홍콩,3.53
英 홍콩 당국·시위대 폭력에 우려…中 내정간섭 말라,3.51
홍콩 민주파 정치인 지하철 역사서 괴한에게 피습,3.52
홍콩경찰 12세 소년 폭동 혐의 기소 최연소 기록,3.53
세종대서도 홍콩 시위 지지 대자보 훼손…中 유학생 차이나 넘버원,3.52
홍콩 시위 둘러싸고 한국 대학생과 중국 유학생 간 갈등 격화,3.51
홍콩 직장인들 5대 요구사항 수용 촉구,3.53
美 홍콩 지원법 홍콩 특별지위 흔들..아시아 금융허브 바뀌나,3.53
홍콩시위 지지자들과 중국 유학생 갈등 갈수록 심화,3.53
‘홍콩시위 지지’ 대학가 한중 갈등 고조… 누리꾼 “선 넘었다”,3.51
‘홍콩 시위 지지’ 서울대 레넌벽도 훼손… 대학가 갈등 지속,3.41
외교부 홍콩 관련 의사표현 韓법규 따라 이뤄져야,3.53
‘홍콩 시위 지지’ 대자보 철거에 학생들 반발…“민주주의 훼손”,3.51
홍콩 인권법 통과…뉴욕증시 미·중 갈등 우려 하락 출발,3.53
홍콩 고등법원 “합법 시위에 복면금지법 적용은 위헌”,3.56
中·홍콩정부 시위대 초강경 압박… 中관영매체 “타협은 없다” 특파원,3.50
홍콩 고등법원 시위대 마스크 착용 막는 복면금지법은 위헌,3.54
홍콩 이공대 200명 ‘폭동죄’ 기소…시위대 기세 꺾기,3.52
전쟁터 홍콩시위…차량 돌진에 중국군 막사 인근서 실탄 쏴종합2보,3.48
“여권 안 들고 다니다가”… 홍콩이공대서 체포된 일본인,3.51
일본·홍콩여행 줄었지만…3분기 외국서 카드로 쓴 돈 1.9% 증가,3.53
홍콩 경찰 2백여 명 폭동죄 무더기 기소…미 상원 홍콩인권법 통과,3.47
미국 홍콩 시위 전력 학생에게 비자 발급 검토,3.53
중국 유학생이 홍콩 대자보 훼손.. 경찰 수사 의뢰,3.53
中 정부 “홍콩 반중시위대 연상” 중국계 美 화가 기획전 취소시켜,3.52
서울옥션 목표가 56% 하향 홍콩 경매시장 부진 여파  KTB證,3.53
中알리바바 홍콩상장 초읽기…ELS 회복하나,3.53
중국 고문 피해 주장한 주홍콩 영국영사관 전 직원은 성 매수자,3.53
TF현장 중국대사관 간 대학생들 홍콩 항쟁 지지,3.54
홍콩 시위대 최후 보루 이공대 전면봉쇄…시위 동력 점차 상실,3.53
멈춰진 홍콩 이공대학교의 시간,3.53
中 홍콩인권법안 美상원 통과에 중단 않으면 반격,3.53
트럼프 싸인만 남은 홍콩인권법…中 견제법안 150개 더 있다,3.54
뉴스와 시각홍콩 사태가 몰고 올 나비효과,3.54
대학생단체 中대사관 앞 “홍콩지지”…길가던 중국인 고함,3.56
내가 경찰 조사 받으면서까지 홍콩 대자보 지킨 이유,3.54
뉴스큐 대학가로 번진 홍콩 갈등...고소장 제출도,3.53
中국방부장 홍콩 지킬 준비 돼 있다 인민군 투입 시사,3.53
中 美 상원 홍콩인권법안 통과 ‘항의’ 美 대사 대리 초치,3.53
미 상원 홍콩인권민주주의 법안 가결…中 강력 반발 예상,3.53
굿모닝 증시미·중 무역협상 불안 여전…홍콩증시 개선 기대감도↓,3.53
간 큰 한국인 관광객…홍콩 이공대 ‘시위 구경’ 갔다가 겨우 탈출,3.06
홍콩 英영사관 전 직원 성매수 여부에 집중하는 건 中이 원하는 일,3.53
최종의견 홍콩 시위가 우리 사회에 던지는 질문들,3.53
中 홍콩인권법 美상원 통과에 대응조치 경고,3.53
홍콩 이공대 사실상 함락… 강경파 경찰총수 200여명 폭동죄 기소,3.50
부산대에도 ‘홍콩 시위 지지’ 대자보,3.54
미중갈등으로 번지는 홍콩 시위…中 매체 홍콩인권법 총공세,3.53
홍콩 인권법 홍콩에 양날의 검될까,3.53
中매체 美 의회 홍콩 인권법 통과 맹비난,3.53
홍콩 시위 직장인도 합류…中 ‘대테러 훈련’ 영상 공개 왜,3.51
서울대 ‘레넌 벽’도 훼손…홍콩 시위 둘러싼 대학가 갈등 격화,3.41
코스피 2100선 붕괴…홍콩 인권법미중 무역협상 불확실성 여파,3.53
경찰 저격수 배치 압박…공포의 현장 홍콩이공대,3.51
홍콩 지지 韓대학생 영상엔 “죽여라” 댓글이…中소셜미디어 덮은 ‘혐한’ 게시물,2.63
‘홍콩 대혼란’ 현장을 가다최후의 수십명 부상·저체온증속 필사의 탈출…대부분 체포,3.51
美 홍콩인권법안 가결에 中 강력 반발…미국 대사 대리 초치,3.54
中 美 내정간섭 중단하라…홍콩인권법에 반발,3.53
미중 갈등 재연...홍콩인권법 美상원 통과에 中 중단 않으면 반격,3.52
홍콩 시위 찬반갈등 계기 폭행·훼손…경찰 수사,3.53
뉴욕 증시 미중협상 난항·홍콩정세 악화에 속락 마감...다우 0.4%↓,3.53
‘홍콩 지지’ 서울대 레넌 벽 훼손…학생들 고소장 제출,3.53
홍콩 지지 학생들 서울대 레넌벽 훼손 경찰 고소,3.53
홍콩 지지 현수막 훼손 14개 대학서 발생…수사 요청종합,3.53
“이한열 후배들이 홍콩 시위 탄압 규탄한다”…연세대서 ‘홍콩 지지’ 침묵행진,3.61
홍콩 밤새 격렬 시위…실탄 사격 경고,3.52
물대포·장갑차 음향대포까지…전쟁터가 돼버린 홍콩,3.50
美상원 ‘홍콩인권민주주의법’ 만장일치 통과,3.53
홍콩 시위 격화 속…美 상원 홍콩 인권법 만장일치 통과,3.54
홍콩 시위 격화 속…美상원 홍콩인권법 만장일치 통과,3.54
美상원 홍콩인권법 통과…자유억압 책임자 비자 거부,3.53
미 상원 홍콩인권법 만장일치 통과... 중국 내정간섭 반발,3.57
홍콩 이공대 인근 16개 학교 여전히 휴교,3.53
경찰 음향대포에 시위대 화살까지…내전 방불케한 홍콩시위,3.52
일본 신사 내 홍콩 지지 소원 명패 훼손 이어져,3.53
中 홍콩인권법안 美상원 통과에 발끈…美대사 대리 초치종합2보,3.53
홍콩 경찰 최후 보루 홍콩이공대 봉쇄...시위대 100명 저항,3.53
中언론들 美의회의 홍콩인권법 가결에 휴지조각에 불과종합,3.53
中반발에도 美의회서 홍콩인권법 최종가결…트럼프 서명만 남아,3.53
美의회 中 제재하는 홍콩인권법 가결…결정권은 트럼프에,3.53
홍콩 고등법원 복면금지법 위헌…기본법에 위배상보,3.54
강철주먹 홍콩 새 경찰청장 폭력에는 무력을 사용,3.53
‘홍콩 지지’ 대자보 철거한 한국외대…학생들 “표현 막아선 안 돼”,3.45
美상원 홍콩인권법 통과···中 내정간섭 반발,3.53
명지대서 ‘홍콩 시위 대자보’ 두고 한·중 학생 다툼…경찰 수사,3.53
국내 항공사 ‘홍콩行’ 날개접다..11월 여행객 전년比 80% ‘뚝’,3.53
홍콩 시위 지지 시민들 중국정부 폭력 중단해야,3.55
“中 홍콩 주재 英 영사관 직원 2주간 감금·고문”,3.53
7년만의 귀환…알리바바 26일 홍콩증시 재상장,3.53
中알리바바 홍콩 상장…중국 정부 입김 작용,3.53
알리바바는 왜 지금 홍콩 증시에 상장할까,3.53
알리바바 홍콩 상장가 확정…총 15조원 조달,3.53
타이완 “홍콩 시위로 학업 중단된 대학생들 받겠다”,3.53
홍콩 시위대 점거 대학 부근서 경찰·시위대 또 충돌,3.53
시위대 점거 홍콩 대학 인근서 경찰·시위대 또 충돌,3.53
美양원 홍콩인권법 통과…“中과 1단계 합의 미뤄질수도”,3.53
홍콩이공대 내 시위대 급속히 줄어…CNN 패배감 퍼져,3.50
중국 대테러 부대가 홍콩 거리 청소 왜,3.53
홍콩거리에 첫 등장한 중국군,3.29
거리에 등장한 중국군…홍콩 긴장감 고조,3.44
홍콩 거리 청소 나선 中인민해방군 다음은 시위자 청소,3.38
시진핑 최후통첩에 중국군 홍콩거리로…軍 투입 경고 메시지,3.34
中 홍콩 인권법안 통과에 뿔났다…美대사 대리 초치,3.57
단독“항독분자” “화냥년...中유학생들 홍콩 지지 韓대학생 신상털이 나서,0.00
홍콩서 시위 진압 훈련하는 중국군,3.53
시진핑 엄정 대처 주문 이틀만에 홍콩거리에 나타난 中인민해방군,3.36
홍콩이공대 주변도로 청소 시작,3.53
홍콩이공대 주변 도로 중장비 동원 청소,3.53
홍콩이공대 잔류 시위대 결사 항전 다짐,3.53
홍콩이공대 주변 도로 청소하는 작업자,3.53
최유식의 아웃룩 中 송환법의 진짜 타깃은… 홍콩 내 미국의 첩보 조직,3.54
中 美 홍콩 인권법 통과시 보복…국제법 심각한 위반,3.52
홍콩 시위 구경 간 한국인 관광객의 ‘탈출’,3.53
글로벌 뉴스룸홍콩 시위대 일부 유서까지 쓰며 결사항전,3.52
美상원 홍콩 민주인권법 만장일치 가결상보,3.55
美 상하원 홍콩인권법 통과…미중 관계 또다른 암초,3.55
美상원 홍콩인권법 만장일치 통과 美 강경파의 승리,3.54
영상 홍콩시위대 성조기 내걸고 SOS…미국·중국 정면충돌하나,3.53
‘홍콩시위 대자보’ 갈등 결국 한·중 학생 간 폭행사태로 번졌다,3.51
르포경찰 조준사격 중국군 총검 장착…홍콩 전쟁터 됐다,3.12
美상원 ‘홍콩인권법’ 만장일치 통과… 무역협상 연계 압박도,3.55
인권법 후폭풍…홍콩증시 급락,3.53
미국 상원서도 ‘홍콩 인권법’ 통과… 미·중 무역협상 ‘돌발변수’,3.55
홍콩이공대 안 포위된 60명 여전히 버티는중,3.53
홍콩 시민들 영화 택시운전사 보며 韓민주화 존경,3.51
홍콩 시민들 영화 택시운전사 보며 韓 민주화 존경,3.54
홍콩증시 미중 마찰 속 장중 2%대 급락,3.53
홍콩 각급 학교 수업 재개,3.53
통학버스 기다리는 홍콩 학생들,3.53
학교 수업 재개한 홍콩의 아침,3.53
수업 재개 홍콩 학교 가는 어린이들,3.53
中외교부 홍콩 대자보 훼손에 애국심 이성적으로 표현해야,3.53
글로벌 뉴스룸홍콩 경찰 시위대 200명 ‘폭동죄’ 기소,3.52
미 상원 홍콩인권법 통과…중 “반격하겠다” 으름장,3.61
美상원 ‘홍콩인권법’ 만장일치 통과,3.54
홍콩 거리 청소한 빗자루 부대 정체는 中최강 대테러 부대,3.19
美 상·하원 홍콩인권법 모두 통과… 트럼프 서명 촉각,3.53
국내 대학가로 번진 홍콩 민주화시위 갈등,3.53
美 中에 홍콩 자유존중 촉구…무력사용 규탄,3.53
홍콩 경찰 이공대 고사 작전…하수구 탈출도 실패,3.44
‘홍콩 인권법’ 속전속결 처리에… 깊어지는 美·中 갈등,3.54
트럼프 홍콩 인권법안서명 기점..대중국 규제법안 때리기 쏟아질듯,3.53
홍콩 시위대 200명 폭동죄 기소....신임 경찰총수 초강수,3.53
홍콩당국 시위대 200여명 무더기 기소…법원 6곳 나눠 출석,3.53
홍콩 시위 지지 대자보 철거 규탄,3.53
홍콩 지지 학생들 한국외대 본관서 규탄회견,3.53
홍콩 항쟁 지지 대자보 철거한 한국외대 규탄,3.53
美상원 홍콩 인권 민주주의 법안 만장일치 통과,3.53
中 홍콩 인권법안 美상원 통과 규탄…중단 않으면 단호히 반격,3.53
미 상원 ‘홍콩인권법’ 만장일치 통과…‘미중 갈등’ 양상,3.62
‘홍콩인권법’ 공 받는 트럼프 서명할까,3.53
르포오랜만에 조용한 홍콩…일부는 여전히 결사항전 의지,3.53
단독 진에어 인천홍콩 노선 운휴 결정…격렬해진 홍콩 시위 탓,3.53
홍콩 거리청소 나선 부대 중국 내 최강 대테러 특전부대,3.47
홍콩 인권법에 불확실성 확대…환율 1170원 돌파,3.53
알리바바 홍콩 재상장 공모가는 176홍콩달러,3.53
알리바바 홍콩 상장가 주당 2.6만원으로 낮춰…26일부터 거래,3.53
동전 테러 신상 털기…도 넘는 中유학생들의 反홍콩 작태,3.42
“홍콩 탄압 규탄” 中대사관으로 간 대학생들,3.53
홍콩 시위대 200여 명 폭동죄 기소....신임 경찰총수 초강수,3.53
홍콩 경찰 체포된 200여명 폭동죄 기소 초강수…홍콩시위대 기세 꺾기,3.53
수업 재개 통학버스 이용하는 홍콩 학생들,3.53
홍콩 경찰 이공대 시위 진압…복면금지법 위헌,3.51
“런치 위드 유” 점심시간 쪼개 평화시위 나선 홍콩 넥타이 부대,3.53
홍콩 이공대서 경찰 다리에 시위대가 쏜 화살 맞아,3.54
홍콩 시위대 보루 사실상 함락… 그래도 시위는 이어져,3.51
中정부 홍콩 복면금지법 위헌결정 고강도 비판,3.53
대학가 폭행으로 번진 홍콩 시위··· 경찰 수사,3.53
‘홍콩 시위 지지’ 대학가 갈등 격화…폭행·훼손으로 경찰 수사,3.53
영국 시민권을 보장하라...홍콩인 청원 10만건 돌파,3.53
홍콩 시위 장기화에 영국 거주권 원하는 청원 10만 명 돌파,3.53
미국 상원 홍콩인권법 통과..트럼프 서명만 남았다,3.53
美상원 홍콩 인권법 만장일치 통과… 미·중 갈등 확대,3.53
마감 홍콩 항셍 지수 0.25% 마감 ... 26533.56,3.53
美하원도 ‘홍콩 인권법’ 통과…트럼프 서명할 듯,3.54
‘심판의 날’ 경고…홍콩 도심 ‘청소작업’ 등장한 중국군,3.53
사흘째 포위된 홍콩 이공대…경찰 저격수 있다 투항하라,3.45
최후 보루 뚫린 홍콩 이공대..시위대경찰 막판 대치,3.52
홍콩 시위대 항복 대신 사제폭탄 경고… 시민들은 구출 작전,3.35
홍콩 IFC몰에서 시위하는 주민들,3.53
영국 정치인들  홍콩인 英 시민권 보장하라 서한…홍콩선 10만명 청원,3.53
홍콩 이공대 사실상 함락… 부상·저체온증 학생들 탈출 러시,3.50
하수구 탈출 실패 남겨진 SOS…홍콩 최후의 요새 함락,3.46
명지대서 홍콩 시위 대자보 두고 한중 학생 다툼…경찰 수사,3.50
명지대 ‘홍콩시위 지지’ 놓고 폭행사건 발생…대자보 철거에 비판 성명도,3.52
홍콩 초강경 진압에 무너진 최후 보루…24일 선거가 새 분수령,3.53
中 홍콩인권법안 美 상원 통과 강력 규탄,3.53
美 ‘홍콩인권법’ 통과에… 中 “즉각 중단하라” 반발,3.63
알리바바 7년 만에 홍콩 재상장…경영권 방패 차등의결권의 힘,3.53
중국군 홍콩도로 청소…시진핑 질서회복 강조뒤 등장,3.53
중국군 홍콩 시내 청소 작업…시진핑 질서회복 강조 후 투입,3.51
오늘 이 뉴스 관광객 탈출 뉴스 잇따르는데…홍콩 특가 미끼상품이라니,3.53
홍콩 현지 교민이 본 시위 상황은,3.52
美 홍콩 인권법안 통과에 홍콩증시 급락 마감,3.53
홍콩인권민주법 美 상하원 통과…미·중 무역전쟁 불확실성에 뉴욕증시 모두 하락,3.53
홍콩서 한국 현대미술 작가 5인 작품 선보인다,3.53
홍콩 항쟁 지지 행진,3.53
홍콩 항쟁을 지지하는 손피켓,3.53
홍콩 항쟁 지지 대자보 철거 규탄한다,3.53
시위 격화 홍콩서 또 백색테러…민주파 정치인 괴한에 피습,3.52
홍콩 갈등 고조 서울대생 대자보 훼손 경찰 고소,3.53
홍콩 지지 대학생들 서울대 레넌벽 훼손 고소장 제출,3.53
홍콩 시위 진정 국면...구의원 선거 연기 촉각,3.53
한민수의 스톡뷰분위기 좋았는데…찬물 끼얹은 홍콩 인권법,3.52
홍콩 구의원 선거 앞두고 부정선거 고발 급증…201건 접수,3.53
홍콩 시위대·경찰 격렬 충돌...지금 홍콩은,3.52
시위대·경찰 격렬 충돌 전쟁터 방불...이 시각 홍콩,3.51
홍콩 시위 지지 ‘레논벽’ 두고 광주 대학생과 중국 유학생 ‘갈등’,3.52
美 상원 홍콩시위 지지 법안 만장일치 통과…中 단호히 반격할 것,3.55
르포화염병으로 온통 그을린 홍콩이공대…거리엔 무장경찰,3.52
시위대 보루 홍콩이공대 경찰 진입…3발 총성 피해는 없어종합,3.51
시위대 보루 홍콩이공대 정문에 큰 불…경찰 진입 개시,3.52
홍콩 경찰 토끼몰이에 시위대 고립…하수관 탈출도 실패,3.40
中당기관지 美의회의 홍콩인권법 가결에 미리 경고했다…최고수위,3.53
이공대 순찰하는 홍콩 경찰,3.53
홍콩인들과 단결해야…중국 유학생의 용기 있는 외침,3.63
홍콩 항셍지수 1.7% 하락 출발,3.53
홍콩 고등법원 복면금지법 위헌…합리적 필요성 초과종합,3.54
가장 격렬했던 홍콩 이공대 시위 종료 분위기종합,3.51
홍콩 시위 장기화에 영국 거주권 원하는 청원 10만명 돌파,3.53
중국군이 홍콩도로 청소…시진핑 질서회복 강조뒤 등장종합2보,3.52
홍콩사태 중국군 투입 가능성에 미국 경고성 메시지,3.55
유서까지 쓴 홍콩 시위대… 경찰 장갑차 동원해 진압,3.49
국내 대학으로 번진 홍콩 시위...폭행 신고로 번져,3.51
중국군 대테러부대 홍콩서 청소작업…군 투입 임박 신호,3.49
홍콩 구의원 선거 D3...부정선거 고발 급증,3.53
홍콩 구의원 선거 앞두고 부정선거 고발 201건 접수,3.53
홍콩경찰 최후보루 이공대 함락작전…시위대 탈출 러시,3.47
미 상원 홍콩 인권법 가결…중국 반발 예상,3.53
中서 억류됐던 홍콩주재 英영사관 직원 고문당했다 폭로,3.53
中서 억류됐던 홍콩 주재 英영사관 직원 고문·폭행 폭로,3.53
마라탕도 싫다…홍콩시위 대자보 갈등 대학가 반중감정우려,3.57
‘홍콩 대혼란’ 현장을 가다경찰 “실탄 사용” 경고에도 시위대 유서까지 쓰고 결사항전,3.41
홍콩 시위 전투 방불…경찰 장갑차 불타고 ‘음향 대포’ 등장,3.51
기자 신분 확인하는 홍콩 경찰,3.53
홍콩이공대 안에 갇힌 자식들 구하려… 부모들도 사투,3.35
대학가 홍콩 시위 갈등…화냥년 정신병 도넘은 혐오,3.52
뉴욕증시 미중협상 우려감·홍콩정세 악화에 하락 마감...다우 0.4%↓,3.53
美 상원 ‘홍콩 인권법’ 가결…“자유 갈망하는 홍콩에 메시지”,3.57
홍콩 인권법 美 상원도 만장일치 통과…미중관계 악화일로종합,3.57
美의회 홍콩인권법 통과…中부총리 무역합의 조심스럽게 낙관,3.53
홍콩 시위대가 쏜 불화살에 맞은 경찰…양측 극렬 대치종합,3.51
홍콩 시위대 쏜 불화살에 경찰 다리 맞아…우려 고조상보,3.54
中유학생들 홍콩지지 한국학생 사진 올리며 항독분자 화냥년,3.51
홍콩 시위에 올해 한국 수출 33% 급감...43년만의 최대 감소율,3.53
홍콩시위 여파로 올해 한국 홍콩 수출 33% 급감,3.53
홍콩당국 ‘우산혁명 주역’ 조슈아 웡 출국신청 불허,3.53
복면금지법 위헌결정에 홍콩 자치권 핫이슈 부상,3.53
中 정부 “홍콩법 최종 판단 권리는 중앙에 있다”,3.53
장갑차 화염병 잇따른 총성…홍콩 연일 전쟁 같은 밤,3.51
홍콩 신임 경찰 총수 “시위는 테러리즘에 가깝다”,3.53
홍콩시위 둘러싼 대학가 韓中 대자보 갈등 온라인으로 확산,3.49
‘홍콩 대자보 훼손’ 한중 학생 폭행까지…경찰에 첫 고소장 제출,3.51
홍콩 지지 대자보 충돌…한·중 학생 다툼에 경찰 출동,3.52
원포인트 투자 레슨 미중 갈등·홍콩사태…中증시 불확실성 여전 내년 IT·5G·내수株 기대,3.53
中외교부 “홍콩 대자보 반대 당연” 자국 학생 두둔,3.50
시나쿨파홍콩지지 대자보 찢는 中유학생들의 안하무인,3.49
대학생들 中대사관 앞서 홍콩 지지…경찰과 충돌,3.55
中 대사관에서도…캠퍼스 밖으로 번진 홍콩 지지 시위,3.53
‘홍콩 대혼란’ 현장을 가다10代 등 100여명 갇혀… 시민들 학생들 구하려 ‘여명 작전’,3.49
홍콩 무력충돌 재점화…18일 하루 더 휴교령,3.53
홍콩 무력충돌 재점화…경찰 1명 시위대 화살 맞아종합,3.54
홍콩 고등법원 “시위대 마스크 금지 복면금지법 위헌”,3.53
홍콩 고등법원 복면시위금지법 위헌,3.53
홍콩 경찰 시위대 점거한 최후 보루 이공대 진입,3.41
홍콩경찰 시위대 최후보루 이공대 진입,3.51
홍콩 경찰 시위대 점거 이공대 진입…격렬한 공방전,3.51
최후 보루 뚫은 홍콩 경찰…시위대 폭동죄 적용 엄포,3.45
홍콩 주둔 인민해방군 시위 청소 작업 첫 투입…직접 개입 경고장,3.50
뉴욕증시 홍콩 두고 미·중 긴장 고조 하락 출발,3.53
홍콩 경찰 최후 보루 이공대 진입…밤새 격렬한 충돌,3.49
홍콩 시위 현장서 날아온 화살…경찰관 다리에 그만,3.53
홍콩 시위현장서 날아온 화살에 경찰 다리 부상,3.53
홍콩 경찰 토끼몰이 체포작전…시위대 하수구 탈출도 실패,3.48
홍콩 경찰 이공대 내 시위대에 실탄 사용 최후통첩,3.45
200여명 폭동죄 기소 초강수…홍콩시위대 기세 꺾기종합2보,3.53
홍콩 인권법 미중 갈등에 원달러 환율 상승,3.53
정통 홍콩 딤섬 팀호완 내달 강남에 1호점 오픈,3.53
홍콩이공대 시위대 100여명 남아…사실상 와해,3.53
노동계 홍콩 시위 지지 성명…보건노조 경의와 연대,3.53
美상원 ‘홍콩인권법’ 만장일치 통과…트럼프 서명 여부 주목,3.53
홍콩인권법 미 의회 통과 입 닫은 트럼프,3.54
홍콩 경찰 400명 이상 체포…시위대 결사항전,3.46
염산폭탄 vs 저격수… 전쟁터 된 홍콩이공대,3.49
홍콩 ‘시위 충돌’ 대학 내 설치예정 투표소 이전키로,3.53
홍콩 시위 충돌 대학 내 설치예정 투표소 이전키로,3.53
中 주중 美대사관 공사 초치…홍콩인권법 항의,3.53
홍콩 도로 청소한 중국군…외신 드물고 상징적 움직임,3.40
홍콩 거리청소 나선 中인민해방군…다음은 시위대 청소 메시지,3.45
금융위기보다 심해…홍콩시위 장기화에 교민 사회도 직격탄,3.53
홍콩갈등 갈수록 험악해지는데…관망만 하는 대학들,3.50
홍콩 시위대에 ‘무력 투입’ 시사하는 중국…테러진압훈련 실시,3.53
美 홍콩인권법 파장…美中 무역합의 먹구름,3.53
홍콩 복면금지법 위헌결정 파문…中 도전 행위 발끈종합,3.62
美 홍콩 사태 압박...트럼프 관세 인상 위협,3.53
대학생 단체 중국대사관 앞서 홍콩 항쟁 지지 선언,3.55
홍콩 시위 지지…中대사관 앞서 대학생 집회,3.53
대학생 단체 중국대사관 앞서 홍콩 항쟁 지지 외쳐 종합,3.55
홍콩 당국 시위자 242명 ‘폭동죄’ 기소…6개 법원에 출석,3.53
홍대에 적힌 홍콩 지지 문구,3.53
홍콩 경찰 시위대 보루 이공대 고사작전…600명 나와종합,3.45
홍콩 시위대 ‘최후 보루’ 이공대 탈출 시도 이어져,3.53
최후의 보루에 갇힌 홍콩 시위대…일부는 필사의 탈출,3.51
르포 홍콩 경찰 고사작전에 시위대 최후 보루 사실상 함락,3.49
경제 브리핑 홍콩 딤섬 레스토랑 팀호완 내달 삼성동에 1호점,3.53
홍콩 법원 “도주 위험”…죠슈아 웡 출국신청 불허,3.53
홍콩법원 조슈아 웡 출국 불허…英 의회 인권상 시상 불참,3.53
홍콩 최고법원 조슈아 웡 유럽행 거부…귀국안할 가능성,3.53
홍콩법원 조슈아 웡 출국 불허…英의회 인권상 시상 불참,3.53
오후장 출발 홍콩 항셍 지수 0.26% 출발 ... 26536.06,3.53
홍콩 경찰 최후 보루 이공대 진입…400명 이상 체포,3.48
美 상원도 홍콩인권법 통과…격분한 中 반드시 반격,3.59
홍콩 도심 청소 작업 中 최강 대테러부대… 軍 투입 임박 신호,3.44
홍콩 정부 시위 참여했다가 잡힌 공무원에 무관용 경고,3.50
홍콩 다시 격렬 충돌…인민해방군 첫 등장,3.49
홍콩 선관위 시위 대학에 설치 예정 투표소 이전,3.53
속보 中전인대 “홍콩 고등법원 복면금지법 위헌 판결 권한 없다”,3.43
실탄사용 vs 결사항전…홍콩 시위 이번주 분수령,3.52
홍콩 10년만에 경기침체…반중시위에 3분기 3.2% 역성장,3.52
홍콩 반중시위에 경기침체 빠져…3분기 3.2% 역성장,3.53
홍콩시위 지지 대학생들 대자보 철거 민주주의 무시한 처사,3.53
홍콩의 앞날은… 시동 건 중국 개입 움직임,3.52
중국軍 홍콩 시위현장 등장에 네티즌 환호…개입 분위기 조성중,3.50
홍콩 거리에 나타난 중국 인민해방군 특전부대,3.53
시진핑 홍콩 시위 진압 최후통첩에 中 인민해방군 거리로 나섰다,3.48
한국외대 홍콩 시위 대자보 게시 갈등,3.53
홍콩 시위 지지 대자보 대학가 갈등 지속,3.53
홍콩 이공대에 시위대 수십 명 남아...오늘도 소규모 교통 방해,3.53
EU 등 홍콩 시위 사태 국제사회 관심 고조 “경찰 균형잡힌 대응해야”,3.53
中 대사관 앞에서 홍콩 지지 시위…탄압 중단하라,3.53
홍콩 학생 석방 촉구,3.53
고민많은 홍콩 학생들,3.53
홍콩 경찰 이공대 시위 진압 강행... 시위대 체포·부상 속출,3.52
아주대 홍콩 지지 레논벽 훼손···대학가로 퍼지는 반중 감정,3.53
홍콩 민주화 운동 지지…거리 나온 대학생들,3.53
美 “홍콩사태 심각한 우려…中 홍콩과 약속 존중해야”,3.53
홍콩사태 격화에 국제사회 우려…폭력은 안돼,3.53
美 홍콩 사태 매우 우려…中 홍콩과 약속 존중,3.53
美 홍콩사태 격화에 심각한 우려…中 홍콩과 약속 존중해야,3.53
美상원 홍콩인권법 만장일치 통과… 對中 갈등 전선 확대,3.53
화염병 활 투석기 장갑차 음향대포… 전쟁터가 된 홍콩 이공대,3.52
하수구 다리 난간…목숨 건 홍콩 이공대 탈출백태,3.47
오전장 마감 홍콩 항셍 지수 0.23% 마감 ... 26528.93,3.53
이공대로 향하는 도로 통제하는 홍콩 경찰,3.53
“홍콩시위 주동자는 10대들… 이공대 안 시위대도 대부분 10대”,3.53
日증시 미중 홍콩 갈등에 하락 마감…닛케이지수 0.62%↓,3.53
홍콩 경찰 70대 노인 면도칼 공격에 얼굴 다쳐,3.53
진압 작전 임박하자···홍콩 민전 유혈충돌 막아달라 호소문,3.46
홍콩시위 도난 화학물질 경보…염소가스탄 위협도,3.53
홍콩 대학 내 화학물질 도난…‘염소가스탄’ 위협도,3.53
홍콩 시위 도난 화학물질 경보…염소가스탄 위협도,3.53
중국·홍콩 언론 이공대 들어간 韓관광객에 “구경거리 아냐” 비판,3.52
긴장감 감도는 홍콩 이공대학,3.53
외대생들 학교가 홍콩 대자보 철거…교육기관 맞나,3.53
한국외대 학생 홍콩대자보 철거 학교 규탄…철거방침 철회해야,3.52
중국군이 홍콩도로 청소…시진핑 질서회복 강조 후 등장종합,3.44
돌연 홍콩 거리 청소 나선 중국 특수부대…개입 신호,3.53
탈출 시도 홍콩 시위대…경찰에 줄줄이 붙잡혀,3.53
한국외대 학생들 “홍콩 사태 대자보 허락받고 붙여라 학생 통제하려는 것”,3.49
홍콩 이공대안 시위대 600여명 갇혀…“경찰 강제진압 임박”,3.48
한국 조그만 나라가 역겹다 홍콩사태가 부른 중국의 혐한,0.96
美 홍콩인권법안 통과…中 중단 않으면 반격,3.53
中 美대사 대리 초치…홍콩인권법안 美 통과 항의,3.53
中매체 홍콩인권법 맹비난…美 의회는 중국 공격 법안 150개 준비,3.53
고민 많은 홍콩 시위 학생들,3.53
홍콩 시위에 놀란 中학부모들 자녀 본토로 유턴시켜,3.53
홍콩 경찰 400명 넘게 체포…시위대 극렬 저항,3.45
홍콩 경찰의 함락 작전…무너진 최후 보루…구해줘,3.43
이제 마스크 써도 된다…홍콩 법원 복면금지법 위헌종합,3.68
홍콩 고등법원 시위대 복면금지법은 위헌상보,3.54
홍콩 시민 마스크 써도 된다…고등법원 복면금지법 위헌종합,3.53
홍콩 새 경찰총수에 강경파 임명 시위 진압 속도낼 듯,3.53
염소폭탄 개발 대학살도 불사 혈전 선언한 홍콩 일촉즉발,3.10
이공대 내부 살펴보는 홍콩 경찰,3.53
심상정 “중국 정부 홍콩 시위사태 평화적 방법으로 해결해야”,3.53
심상정 중국 정부 홍콩 사태 평화적인 방법으로 해결해야,3.53
홍콩 탄압 규탄,3.53
24일 홍콩 지방선거 시위의 또 다른 분수령…왜,3.53
“중국인도 홍콩 지지해야”…한·중·홍 대학생이 외친 ‘홍콩 시위 지지’,3.53
“우리도 언젠가 자유 위해 일어날 것” 중국인 학생도 홍콩 시위 ‘지지 표명’,3.53
유엔 홍콩 사태 우려...차분히 대응해야,3.53
中인민일보 홍콩 폭동 진압 더는 늦출 수 없어,3.53
中 인민일보 홍콩 폭동 진압 더는 늦출 수 없어,3.53
中인민일보 홍콩폭동 진압 더는 늦출 수 없어,3.53
中 인민일보 “홍콩 폭동 진압 더는 늦출 수 없다”,3.53
중국 정부 홍콩 고등법원 복면법 위헌 판결에 권한없다,3.53
中 “복면금지법 홍콩 기본법에 부합…위헌 결정 제의 검토”,3.53
中 홍콩의 복면금지법 위헌 결정은 도전 행위,3.53
홍콩 복면금지법 위헌결정에 中 중앙정부에 대한 도전 발끈,3.52
홍콩 새 경찰총수에 강경파 취임 “시위 테러리즘에 가까워”,3.53
대학가 ‘홍콩 갈등’…동국대선 중국인 유학생이 한국인 학생 ‘신고’,3.36
홍콩 시위 지지 서울대 레넌벽도 훼손…대학가 갈등 지속,3.49
결사대만 남은 이공대…홍콩 선거 앞두고 ‘폭풍전야’,3.53
중국 전인대 “홍콩 법률 우리만이 판단” 복면금지법 위헌 결정 반격,3.53
中 환구시보 “홍콩 시위대 IS 닮아가”,3.47
중국 언론 홍콩 시위는 신종 테러리즘…IS와 닮아가,3.51
홍콩시위 격화에 올해 대홍콩 수출 33% ‘뚝’,3.53
날로 격화되는 홍콩 시위에 무역도 먹구름 홍콩 수출 33% 급감,3.53
경찰에게 항의하는 홍콩 시민,3.53
美 홍콩 사태 우려…中 홍콩반환협정 약속 지켜라,3.53
홍콩이공대 앞 지키는 경찰들,3.53
주한 中대사관 앞서 나온 홍콩시위 지지...일부 중국인 욕설,3.53
홍콩 경찰 홍콩이공대 시위자 30%가 중학생 등 미성년,3.53
“홍콩發 변동성 장세 불가피…글로벌 상승 흐름은 여전”,3.53
유럽증시美中 홍콩 인권법 충돌…하락,3.53
홍콩 사태에 영국 거주권 요구하는 청원 10만명 넘어,3.53
부산대 게시판 홍콩 시위 지지 대자보 훼손,3.53
지지율 7% 홍콩 법무장관 런던서 시위대에 집단폭행 당해,4.11
홍콩 법무장관 런던서 시위대 공격받아 부상,3.53
홍콩사태 증시 단기 변동성 확대 불가피,3.53
홍콩 경찰 이공대 진입 무더기 체포…부상자 속출,3.49
홍콩 경찰 시위대 최후 보루 이공대 진입…전쟁터 방불종합,3.51
홍콩 경찰 이공대 진압…“시위대 탈출 시도하자 최루가스 공격”,3.49
홍콩 경찰 시위대 최후 보루 이공대 진입…무더기 체포종합2보,3.50
홍콩 지지 대자보 놓고 韓·中 대학생간 폭행 발생,3.53
주홍콩한국문화원 2019 젊은작가전차이의 번역 개최,3.53
홍콩서 또다시 폭력 시위…10여 명 부상,3.52
시위 격화 홍콩 대학 내 화학물질 잇따라 도난 우려 커져,3.53
홍콩고등법원‘복면금지법 위헌’... “기본권 제한 과도하다”,3.53
홍콩 고등법원 시위대 복면금지법은 위헌,3.53
홍콩 고등법원 시위대 복면착용 금지법 위헌 판결,3.53
홍콩 복면금지법 위헌 비웃는 中…위헌여부 오직 中이 판단,3.51
美 홍콩인권법 통과에 중국 ‘격분’ 홍콩 시위대는 ‘환영’,3.54
시진핑 경고 홍콩 시위 폭력 범죄…사실상 최후통첩,3.25
시진핑 홍콩에 최후 통첩…시위 양상 바뀌나,3.51
中 무력 투입하나…시진핑 홍콩 폭력 종식 최후통첩,3.24
홍콩 고등법원 복면 금지법은 위헌...시위 사태 변수 될까,3.54
홍콩 고등법원 “복면금지법 위헌”... 난처해진 캐리람,3.53
홍콩 경찰 홍콩 이공대 내 시위대 진압 작전 벌여,3.53
“홍콩인권법 미중관계만 냉각시킬뿐”前주중미대사,3.53
경찰 홍콩 이공대 새벽 기습…시위대 유서 쓰고 항전,3.47
韓관광객 2명 홍콩 이공대에 갇혔다 탈출,3.52
4일째 대치하는 홍콩 이공대…안타까운 사연들,3.52
중국대사관 앞 홍콩 시위 기자회견... 학생경찰 실랑이,3.54
중국군 홍콩거리 청소… 시위 무력진압 메시지,3.46
기지 밖으로 나온 中인민해방군… 홍콩 “도움 요청 안 했다”,3.34
홍콩이공대 울타리 넘는 시위대,3.53
홍콩이공대 점거 시위대 학교 탈출,3.53
홍콩이공대 하수구 수색하는 소방대원,3.53
포착 전쟁터 같았던 이공대 진압 작전…홍콩 경찰 400명 넘게 체포,3.23
유럽 증시 미중협상 우려·홍콩정세 악화에 대체로 하락 마감,3.53
속보 홍콩 법원 ‘복면금지법’ 위헌 결정,3.58
심상정 정의당 국제사회와 홍콩사태 평화적해결 위해 노력,3.53
심상정 “중국 홍콩시민의 자치적 결정 존중해야”,3.53
코스피 급락은 美 의회 홍콩인권법 통과에 따른 미중 갈등 악화 우려 탓,3.53
中 홍콩에 군대 투입하나…시진핑 최후통첩,3.42
미중무역협상 막판 기싸움 속 ‘홍콩’ 끌어들인 美,3.53
‘홍콩 지지 대자보’ 폭행사건 신고 경비원 “대자보 앞에서 언성 높아지다 몸싸움 벌어져”,3.53
굿모닝 증시홍콩 인권법으로 재점화 된 불확실성,3.53
홍콩인권법안 美상원 통과에 중국 중단 않으면 반격,3.53
홍콩 시위 지지 서울대 레넌벽도 훼손…대학가 갈등 지속종합,3.50
격화되는 홍콩 사태 현지 교민이 본 상황은,3.53
中전인대 홍콩 법원은 복면금지법 위헌판결 권한없어종합,3.53
中입법부 홍콩 법원 복면금지법 판결권한 없어,3.53
명지대서 홍콩 시위 지지 대자보 두고 폭행 발생…경찰 수사,3.53
韓日갈등·홍콩사태·무역전쟁서 대만이 반사이익,3.53
홍콩 경찰 이공대 포위 닷새째 강경대응…시위대 항복하느니 죽음을,3.53
홍콩고등법원 복면금지법 위헌…체포된 367명 어떻게,3.54
美 홍콩사태 격화에 심각한 우려...中 홍콩과 약속 존중해야,3.53
홍콩 이공대 고사작전...사흘째 봉쇄에 피로·절망감,3.50
홍콩 이공대 고사작전...나흘째 봉쇄에 피로·절망감,3.53
시진핑 홍콩 시위대에 폭력 범죄분자…강경 메시지,3.50
시진핑 홍콩 범죄분자 법치 짓밟아…혼란제압 긴박 임무,3.40
홍콩시위 과정 중 대학 내 화학물질 도난...안전 우려,3.53
어수선한 홍콩 민주주의의 꽃 선거도 미루나,3.53
中 홍콩인권법안 美상원 통과에…美대사 대리 불러 항의,3.53
中 美 대사대리 불러 홍콩 인권법안 통과 항의,3.53
세종대도 홍콩시위 대자보 훼손…中유학생 독도는 일본 땅,3.53
세종대서도 ‘홍콩 시위 지지’ 대자보 중국인 유학생이 훼손,3.48
홍콩시위 대자보 훼손한 中유학생 독도는 일본땅 외쳐,3.45
외대 ‘홍콩 시위’두고 학생 갈등에 ‘대자보 철거’,3.53
한국외대 홍콩시위 관련 외부단체 대자보 제한…안전 이유,3.53
홍콩 이공대 현장 부탄가스 묶은 화염병 등장...진압시작,3.52
홍콩 이공대 ‘고사작전’ 나흘째…최대 200명 잔류,3.53
홍콩 이공대 아직 수십명 남았다..유엔 “차분히 대응해야” 우려,3.53
속보 홍콩 경찰 홍콩 이공대 진입,3.48
홍콩 경찰 이공대서 진압작전…실탄 발사 경고,3.47
홍콩 시위대와 충돌 중 벽돌에 머리 맞은 70대 노인 사망,3.51
홍콩 시위대가 던진 벽돌에 머리 맞은 70대 사망,3.53
영국 외무장관 프랑스·독일 파트너와 홍콩사태 개별 논의,3.53
자막뉴스 홍콩이공대 ‘고사작전’ 나흘째…최대 200명 잔류,3.53
홍콩 법원 민주화 시위 주역 ‘조슈아 웡’ 해외 여행 금지,3.53
도로 청소 나선 홍콩 주둔 인민해방군…시위 투입 신호탄,3.53
홍콩 시위 속 中 본토홍콩 열차 일부 운행 중단,3.53
홍콩시위 속 中본토홍콩 열차 일부 운행중단,3.53
홍콩 경찰 시위대 최후 보루 홍콩이공대 진입...사태 심각,3.53
中대사관 간 대학 ‘홍콩 시위 지지’…일부 홍콩인 “고맙지만 걱정스러워”,3.54
중국 대사관 향한 홍콩시위 지지 물결 탄압 중단하라,3.53
홍콩 시위 지지 서울대 레넌벽도 훼손…경찰 고소 예정 종합,3.35
홍콩 시위 지지 서울대 레넌벽도 훼손…대학가 갈등 지속종합2보,3.52
홍콩 곳곳 전쟁터 방불…시진핑 “혼란 제압 긴박”,3.49
중국대사관 앞에 울려퍼진 시진핑 홍콩 탄압 중단하라,3.54
日 이어 홍콩까지…알짜 노선 수요 줄며 LCC 경영난 지속,3.53
홍콩 고등법원 시위대 마스크 금지한 복면금지법 위헌,3.57
홍콩 高法 시위대 마스크 착용 금지한 복면금지법 위헌 결정,3.53
홍콩 고등법원 복면시위 금지법 위헌…긴급법 무력화,3.53
학내 ‘홍콩 시위’ 갈등 중재 나선 일부 대학···“민주주의 훼손” 비판 나와,3.53
홍콩시위 지지 대학생 모임 대학 당국의 대자보 철거 비민주적,3.53
‘시위대 최후 보루’ 홍콩 이공대 뚫려… 법원은 “복면금지법 위헌”,3.42
中 인민일보 홍콩 폭동 진압 더 늦출 수 없어,3.53
내정간섭 VS 폭력진압 홍콩 시위놓고 미·중 갈등 고조,3.53
美 홍콩 시위 사태에 심각히 우려...어느쪽도 폭력은 안돼,3.55
국제사회 홍콩 사태 폭력은 용납 안돼 우려 한목소리,3.53
홍콩 반환한 영국 “홍콩 시위 폭력 확대 우려” 입장 전해,3.53
중국군 심상찮은 거리 청소…홍콩 사태 개입 신호,3.45
홍콩 시위 지지 레넌 벽 훼손 고소장 제출,3.53
홍콩 항쟁 지지 서울대 레넌벽 훼손 고소장 제출,3.53
‘홍콩 대혼란’ 현장을 가다홍콩경찰 이공대 새벽 기습… 화염 휩싸인 ‘최후 보루’,3.48
홍콩 중문대  마응옥 교수 “인민해방군 도로 정리 투입은 위법”,3.53
홍콩 또다시 폭력 충돌...날아온 벽돌에 맞은 70대 사망,3.53
시진핑 강경대처 주문 이후 홍콩서 또다시 폭력 충돌종합2보,3.52
中 홍콩 법원 결정도 일축…홍콩 警 수장에 매파 임명,3.53
美 中에 경고…인민군 홍콩 투입하면 특별대우 박탈할 것,3.61
‘홍콩 지지’ 대자보 철거한 한국외대…학생들 “사과하라”,3.53
시진핑 홍콩시위는 폭력 범죄···난동 제압하라 초강경 천명,2.97
알리바바 공모가 176홍콩달러 유력…홍콩 이미지 회복 계기될까,3.53
알리바바 홍콩 상장가 176홍콩달러 확정…15조원 조달 전망,3.53
경찰 홍콩이공대 계속 봉쇄...100여 명 남아,3.53
홍콩 이공대 바리게이트 철거,3.53
바리게이트 치워지는 홍콩 이공대,3.53
정부 홍콩 여행 자제 해야‥여행경보 상향,3.53
폼페이오 “중국은 홍콩반환 협정 약속 지켜라,3.53
홍콩은 광주다 연세대 레넌 벽 설치,3.53
서울대 홍콩지지 레넌벽도 훼손…대응 방안 논의 중,3.53
中 대사관 앞에서 홍콩 탄압 중단하라,3.53
고립 홍콩 시위대 이탈 속출…강경파 신임 경찰청장 현장 지휘,3.52
중국인도 홍콩 시위 지지해야 한·중·홍 대학생 한목소리,3.53
탈출 막힌 홍콩 시위대,3.53
홍콩 시위대 홍콩 이공대 탈출 러시…300여명 남아,3.53
구호 외치는 홍콩 지지 연대생과 홍콩인 유학생,3.53
美상원 홍콩인권법 통과…中 중단 안하면 반격,3.54
‘홍콩 갈등’ 커지자 한국외대 대자보 일방 철거…학생 “대학이 민주주의 훼손”,3.52
홍콩 대학에서 유독성 화학물질 사라져…안전 우려 확산,3.53
한국외대 학생들 홍콩 시위 지지 대자보 철거한 학교 당국 사과하라,3.53
홍콩 지지 대자보 철거한 한국외대…학생들 반민주적 행태,3.52
홍콩지지 학생들 한국외대 외부 대자보 금지는 민주 의사표현 막는 것,3.53
홍콩 지지 대자보 철거 외대에 학생들 입장 철회해야 규탄,3.53
中 홍콩 법원 복면금지법 결정권 없어…삼권분립 충돌,3.53
홍콩 경찰 음향대포 앞 화살 대응…장갑차도 불태웠다,3.52
홍콩경찰 음향대포 동원···맞으면 고막 찢어지는 고통의 위력,3.36
美 홍콩사태 심각한 우려…독립적 조사 개시해야,3.53
홍콩사태 中 개입 우려에… 美 독립적 조사 요구,3.52
홍콩 경찰 시위대 400명 넘게 체포…시위 동력 꺼지나,3.53
홍콩 시위 장기화…영국 거주권 요구 청원 10만명 돌파,3.53
조슈아 웡 홍콩 출국 불허당해…법원 도주우려,3.53
미·중 무역협상홍콩 문제에 발목잡히나…갈등 격화,3.53
美 “농산물 더 사라” 中 “관세 철회 먼저”…무역협상 ‘난항’ 홍콩까지 ‘발목’,3.53
하수도 탈출 실패한 홍콩 학생들,3.53
연행되는 홍콩이공대 시위자,3.53
국내 大學서도 홍콩시위 찬반갈등 격화,3.53
연세대 학생들 “이한열 후배로서 홍콩 시민 외면 못해”,3.70
홍콩 경찰 최후의 보루 이공대 진입 체포작전 나서,3.53
홍콩 경찰 시위대 최후 보루 뚫어...국제사회 우려,3.51
美폼페이오 홍콩 폭력 용납 못해…中 약속 지켜라,3.53
폼페이오 홍콩 폭력에 심각히 우려…中 약속 존중해야,3.53
홍콩 정부 시위 참여 공무원 적발 시 무조건 징계,3.53
美 홍콩사태 격화에 심각한 우려…중국은 홍콩과의 약속 존중해야,3.53
홍콩 경찰 시위대 점거 이공대 진입…中 테러진압훈련,3.52
이공대학에서 이동하는 홍콩 학생,3.53
홍콩 경찰 ‘미성년자도 폭동 혐의로 체포’ 밝혔다 물러서,3.53
‘홍콩 대자보’ 철거한 한국외대에 “이런 조치는 한국외대 뿐” 비판,3.50
